tyear,tmonth,period,moneySupply_M3,cbnBills,moneySupply_M2,quasiMoney,narrowMoney,currencyOutsideBanks,demandDeposits,netForeignAssets,netDomesticAssets,netDomesticCredit,creditToGovernment,creditToGovernmentFed,mirrorAccounts,creditToPrivateSector,otherAssetsNet,baseMoney,currencyInCirculation,bankReserves,specialInterventionReserves
2024,11,November 2024,108966480.44,19796.18,108946684.26,72672756.90,36273927.36,4652527.74,31621399.62,17347112.78,91619367.66,115576757.67,39616629.91,0.00,0.00,75960127.77,12147461.96,30871571.25,4878125.22,25993446.02,278860.37
2024,10,October 2024,107999619.24,10797.22,107988822.02,73204528.58,34784293.44,4288141.20,30496152.24,20786785.89,87212833.35,113463677.29,39391214.35,0.00,0.00,74072462.95,13668236.43,30005705.16,4549217.51,25456487.65,278860.37
2024,9,September 2024,109411154.85,9409.49,109401745.36,73542912.31,35858833.05,4016510.71,31842322.34,19498793.94,89912360.91,115301488.41,39467247.32,0.00,0.00,75834241.09,12442393.55,28137041.63,4311072.27,23825969.35,278860.37
2024,8,August 2024,107192936.86,10717.37,107182219.49,72232284.01,34949935.48,3868610.90,31081324.58,25516266.66,81676670.20,105882488.57,31150799.28,0.00,0.00,74731689.28,13030099.14,26891229.28,4144842.39,22746386.89,278860.37
2024,7,July 2024,106358093.27,10717.37,106347375.90,71023282.48,35324093.42,3665891.91,31658201.51,32393100.04,73964993.22,95333872.43,19825050.41,0.00,0.00,75508822.02,10292331.59,25553347.14,4053763.93,21499583.21,278860.37
2024,6,June 2024,101461229.42,10711.80,101450517.62,64651773.24,36798744.38,3790570.28,33008174.10,23090881.89,78370347.53,97124532.77,23932584.88,0.00,0.00,73191947.89,10061307.41,25023190.29,4048729.81,20974460.48,278860.37
2024,5,May 2024,99235741.19,249384.70,98986356.49,65603723.61,33382632.88,3709945.42,29672687.46,15335784.44,83899956.74,102687866.09,28375743.25,0.00,0.00,74312122.83,5103989.50,25656624.96,3965101.26,21691523.70,433229.15
2024,4,April 2024,96974201.49,10677.52,96963523.96,63144533.15,33818990.81,3605057.39,30213933.42,28727559.85,68246641.63,92892085.56,19975143.66,0.00,0.00,72916941.90,9990300.22,24387924.33,3922947.87,20464976.46,433229.15
2024,3,March 2024,92343286.66,10666.45,92332620.21,59842712.03,32489908.18,3627522.07,28862386.11,35785309.22,56557977.44,90801041.35,19589769.97,0.00,0.00,71211271.38,9975496.63,23384818.66,3869330.26,19515488.40,433229.15
2024,2,February 2024,95557263.40,1588771.44,93968491.96,63691242.70,30277249.26,3411735.44,26865513.82,7408009.72,88149253.67,114788867.95,33925848.79,0.00,0.00,80863019.16,13319068.99,21230656.70,3693573.23,17537083.47,433229.15
2024,1,January 2024,94614600.44,842591.59,93772008.85,62216126.61,31555882.24,3281198.20,28274684.04,29739769.64,64874830.79,99997638.73,23518053.15,0.00,0.00,76479585.58,6732309.44,24164031.04,3650500.20,20513530.84,433229.15
2023,12,December 2023,79252459.19,421337.19,78831122.00,48708833.11,30122288.89,3433927.24,26688361.65,9338449.78,69914009.41,96086279.48,33547601.17,0.00,0.00,62538678.31,6091164.18,24735518.47,3653303.90,21082214.57,0.00
2023,11,November 2023,72025600.09,682641.58,71342958.51,45063273.79,26279684.73,3080140.65,23199544.08,11514676.03,60510924.06,85349397.00,25664280.91,0.00,0.00,59685116.08,4479720.51,22908392.34,3347716.33,19560676.02,0.00
2023,10,October 2023,73907037.03,1245804.25,72661232.78,46234282.22,26426950.56,2696981.44,23729969.13,28099657.30,45807379.74,72960640.30,9390923.05,0.00,0.00,63569717.25,9140584.25,21538820.56,3010346.55,18528474.01,419776.74
2023,9,September 2023,66944539.37,769616.21,66174923.16,40854906.22,25320016.94,2416033.51,22903983.43,12537895.82,54406643.55,81644797.92,22137450.47,0.00,0.00,59507347.45,10100221.41,19506555.34,2761291.98,16745263.35,419776.74
2023,8,August 2023,66191502.84,552524.16,65638978.68,41200375.50,24438603.19,2223690.38,22214912.80,13935019.44,52256483.40,79455252.89,22507192.00,0.00,0.00,56948060.89,10120457.70,19429603.25,2660138.92,16769464.34,385411.16
2023,7,July 2023,65329717.47,10599.73,65319117.73,40951100.03,24368017.71,2206635.60,22161382.11,10241047.37,55088187.62,84082353.94,27621170.06,0.00,0.00,56461183.87,10864333.26,17376486.41,2595761.69,14780724.72,385411.16
2023,6,June 2023,64906930.75,548713.55,64358217.20,39863291.17,24494926.03,2263065.09,22231860.95,11112802.79,53414463.97,84045544.14,31233079.30,0.00,0.00,52812464.85,10901306.61,17718915.65,2603266.82,15115648.83,399776.74
2023,5,May 2023,55692740.99,142342.97,55550398.02,33064996.53,22485401.49,2177314.37,20308087.11,4404133.68,50910749.89,75498300.31,30711430.13,0.00,0.00,44786870.17,12262582.03,17922716.51,2526679.63,15396036.88,397970.17
2023,4,April 2023,56046522.78,397178.14,55649344.64,33107075.68,22542268.96,2078211.57,20464057.39,5044475.45,50602383.34,74425692.40,30761091.82,0.00,0.00,43664600.58,12846557.39,17943103.23,2379074.15,15564029.09,419776.74
2023,3,March 2023,54628225.07,442358.32,54185866.75,32786272.84,21399593.91,1445249.67,19954344.24,5991802.89,48636422.18,70541342.84,27529660.60,0.00,0.00,43011682.24,11086962.62,15975739.59,1683498.35,14292241.24,419889.49
2023,2,February 2023,53295069.64,373284.44,52921785.20,31963024.25,20958760.95,843311.51,20115449.43,5495935.83,47799133.81,70185426.07,28431011.26,0.00,0.00,41754414.82,12001222.23,16319375.63,982097.66,15337277.97,419889.49
2023,1,January 2023,53138821.44,303722.84,52835098.60,31924030.74,20911067.86,792184.39,20118883.47,4555768.04,4555768.04,68181437.12,26639026.37,0.00,0.00,41542410.74,9323345.22,16577667.07,1386398.50,15191268.58,419889.49
2022,12,December 2022,52155416.84,393638.86,51761777.98,31033831.56,20727946.42,2569010.89,18158935.53,4252034.91,47903381.93,66398287.74,24656590.51,0.00,0.00,41741697.22,7541812.20,16032053.90,3012057.17,13019996.73,390557.80
2022,11,November 2022,51686054.60,1260.58,51684794.02,30230893.34,21453900.68,2645857.33,18808043.35,5603800.28,46082254.30,64166739.86,22636974.13,0.00,0.00,41529765.73,7680283.46,15263886.97,3164256.76,12099630.21,390557.80
2022,10,October 2022,50629994.44,1259.91,50628734.53,29285966.07,21342768.46,2836803.01,18505965.45,6168860.55,44461133.88,63481231.66,22645912.75,0.00,0.00,40835318.91,8114826.85,14999458.73,3298786.78,11700671.95,390557.80
2022,9,September 2022,49333082.51,1246.14,49331836.37,28134464.72,21197371.65,2729883.34,18467488.31,4485157.31,44847925.20,63341597.62,22826317.44,0.00,0.00,40515280.18,7808252.77,15007589.94,3228752.06,11778837.88,390557.80
2022,8,August 2022,49316792.01,940.84,49315851.17,27879535.03,21436316.14,2680216.96,18756099.18,4920998.48,44395793.53,61168905.59,20965137.37,0.00,0.00,40203768.22,6616958.26,14040351.86,3210664.98,10829686.88,390557.80
2022,7,July 2022,48291204.06,910.72,48290293.34,27903910.41,20386382.93,2721500.80,17664882.13,5205255.26,43085948.80,59959367.27,20106289.74,0.00,0.00,39853077.54,6821712.59,14026886.11,3242600.24,10784285.87,317234.17
2022,6,June 2022,48898340.44,893.87,48897446.57,28549237.06,20348209.51,2719330.52,17628878.99,6102755.65,42789310.43,57448240.49,18214634.50,0.00,0.00,39233605.99,5609749.62,13860265.17,3255563.28,10604701.89,317787.41
2022,5,May 2022,48514495.30,988.85,48513506.45,27951806.09,20561700.36,2763895.40,17797804.96,7120303.91,41394191.39,56506223.69,18049373.09,0.00,0.00,38456850.60,6266610.12,14265730.18,3330863.86,10934866.33,384377.56
2022,4,April 2022,47147578.65,933.46,47146645.19,27325317.22,19821327.97,2833752.73,16987575.24,7516045.31,39631533.34,54296180.59,16847655.48,0.00,0.00,37448525.11,6450900.21,14376820.88,3350615.22,11026205.66,384377.56
2022,3,March 2022,45664828.96,923.05,45663905.91,26053549.08,19610356.83,2714074.02,16896282.81,7563818.91,38101010.05,52787060.85,16319660.37,0.00,0.00,36467400.48,6965628.82,14301768.29,3245597.55,11056170.74,384377.56
2022,2,February 2022,44740264.88,926.96,44739337.92,25842010.17,18897327.74,2723657.37,16173670.37,8458893.96,36655135.10,50707660.59,14721135.97,0.00,0.00,35986524.62,6915462.90,13635912.33,3250188.89,10385723.44,384377.56
2022,1,January 2022,45194945.63,105787.99,45089157.64,26499465.42,18589692.22,2779750.75,15809941.47,8386366.23,36808579.40,50088061.91,14903925.40,0.00,0.00,35184136.51,5799144.58,13608456.25,3288027.60,10320428.65,384377.56
2021,12,December 2021,44443974.75,909.16,44443065.59,26387204.76,18055860.83,2938416.18,15117444.65,9352147.37,35091827.38,48760641.75,13839910.40,0.00,0.00,34920731.34,5197976.70,13295152.46,3325157.97,9969994.48,384377.56
2021,11,November 2021,42604214.93,4126.71,42600088.22,25481203.12,17118885.10,2726065.10,14392820.00,8436779.16,34167435.78,48413289.10,13034104.65,0.00,0.00,35379184.45,5371968.07,12994110.88,3148591.61,9845519.27,384377.56
2021,10,October 2021,41475250.51,873.14,41474377.37,24963926.76,16510450.61,2540822.90,13969627.71,7163901.28,34311349.23,47566565.62,12946605.35,0.00,0.00,34619960.27,4663495.28,12734571.10,2965985.43,9768585.67,365044.23
2021,9,September 2021,40450136.09,933.29,40449202.79,24487916.19,15961286.61,2371567.68,13589718.92,5807745.38,34642390.70,46941916.24,13005389.10,0.00,0.00,33936527.14,3914861.09,12905941.24,2837063.77,10116687.53,365044.23
2021,8,August 2021,40945143.77,135050.94,40810092.82,24383199.21,16426893.61,2312069.53,14114824.09,8200646.92,32744496.85,46009146.00,12567398.20,0.00,0.00,33441747.80,5112263.92,12866701.88,2778706.01,10135805.92,365044.23
2021,7,July 2021,39752888.62,19331.91,39733556.72,23472555.28,16261001.44,2369639.06,13891362.38,7472444.74,32280443.88,44985372.12,12124740.08,0.00,0.00,32860632.04,4656099.05,12830875.69,2812103.48,10018772.22,317234.17
2021,6,June 2021,39510562.98,647509.76,38863053.22,22838659.57,16024393.65,2248185.20,13776208.45,7292245.73,32218317.25,44219415.30,11593876.28,0.00,0.00,32625539.02,4164123.41,12333852.25,2741262.67,9592526.39,317234.17
2021,5,May 2021,39856996.98,1164023.70,38692973.28,22436331.56,16256641.72,2316426.36,13940215.36,7356458.68,32500538.30,44669259.81,12552025.37,0.00,0.00,32117234.44,4499169.08,13064088.63,2790895.50,10273129.95,317234.17
2021,4,April 2021,39151453.58,688478.54,38462975.04,22467042.61,15995932.43,2302191.18,13693741.25,6782878.02,32368575.56,44134011.03,12236471.93,0.00,0.00,31897539.10,4044784.32,13202697.77,2796471.37,10406163.21,317234.17
2021,3,March 2021,38720379.46,432166.65,38288212.81,13832542.77,16138206.97,2305664.20,13832542.77,6725973.17,31994406.29,43503924.95,12066876.87,0.00,0.00,31437048.08,4296428.49,13338122.26,2808734.33,10529324.74,317234.17
2021,2,February 2021,38796566.64,697139.38,38099427.26,21615357.14,16484070.12,2319993.77,14164076.35,8403538.47,30393028.17,43091736.20,12586130.06,0.00,0.00,30505606.14,5543654.15,13395207.29,2779831.60,10615312.50,317234.17
2021,1,January 2021,38737379.48,1192888.11,37544491.37,21688948.63,15855542.74,2358724.24,13496818.50,7606156.57,31131222.90,42492010.49,12085727.76,0.00,0.00,30406282.73,4672612.93,13264907.99,2831167.19,10433417.96,317234.17
2020,12,December 2020,38904920.08,1076044.22,37828875.85,8973305.05,15838395.80,2495608.06,13342787.74,7337626.60,29931615.03,41383172.98,11492711.32,0.00,0.00,29890461.67,3718973.60,13107924.87,2908462.40,10194626.79,317234.17
2020,11,November 2020,36958454.16,440658.36,36517795.80,21698784.95,14819010.85,2256485.32,12562525.53,8181174.23,28777279.93,40194156.06,10782279.08,0.00,0.00,29411876.98,4205454.62,15309548.19,2659710.45,12649837.74,317234.17
2020,10,October 2020,36218203.68,489019.29,35729184.39,21535340.33,14193844.06,2099452.75,12094391.31,7846437.55,28371766.13,39537142.13,10449164.26,0.00,0.00,29087977.87,3937600.89,14745573.10,2498977.64,12246595.46,317234.17
2020,9,September 2020,35995011.24,1029563.57,34965447.66,21409775.33,13555672.34,2018486.07,11537186.27,7579035.48,28415975.76,39429671.22,9683889.71,0.00,0.00,29745781.51,3894630.90,13576878.07,2427329.31,11149548.76,317234.17
2020,8,August 2020,36118143.68,1855555.19,34262588.49,21129112.90,13133475.59,1971463.56,11162012.03,8672873.00,27445270.68,38792303.90,8410276.49,0.00,0.00,30382027.42,4188245.31,13692387.33,2370886.01,11321501.32,317234.17
2020,7,July 2020,36813447.86,3476121.04,33337326.82,20561724.33,12775602.49,2026478.87,10749123.62,8087752.41,28725695.46,39849571.53,9661188.09,0.00,0.00,30188383.44,3996612.31,13421827.07,2395917.03,11025910.04,317234.17
2020,6,June 2020,35767994.47,3174471.97,32593522.49,20212154.81,12381367.68,1868286.18,10513081.51,8360081.23,27407913.24,38453939.57,8898424.84,0.00,0.00,29555514.73,4228048.84,13245386.03,2300831.63,10944554.39,317234.17
2020,5,May 2020,35949843.80,3230681.12,32719162.68,20165858.66,12553304.03,1975181.90,10578122.12,8063241.22,27886602.58,38913828.54,9564579.49,0.00,0.00,29349249.05,4366537.42,12968506.55,2353337.05,10615169.49,317234.17
2020,4,April 2020,35875663.63,3917178.78,31958484.85,20298614.38,11659870.47,1902609.05,9757261.42,6877350.46,28998313.17,39603928.78,10710050.78,0.00,0.00,28893877.99,4003471.96,12258511.10,2307392.55,9951118.55,317234.17
2020,3,March 2020,35776635.50,4766513.44,31010122.07,19903120.23,11107001.84,1890837.23,9216164.60,7593219.69,28183415.81,38431948.11,10009034.68,0.00,0.00,28422913.43,3999287.82,10154245.31,2296174.39,7858070.92,317234.17
2020,2,February 2020,33949618.70,4230254.16,29719364.53,19321592.28,10397772.25,1785788.13,8611984.11,6099989.97,27849628.73,37132194.11,10352073.72,0.00,0.00,26780120.39,3503989.37,9639077.57,2186983.40,7452094.17,317234.17
2020,1,January 2020,34128187.61,4995807.25,29132380.36,18807815.44,10324564.92,1857170.70,8467394.22,7147122.74,26981064.87,36297245.03,9645254.92,0.00,0.00,26651990.11,3935376.66,8399818.99,2249769.69,6150049.30,317234.17
2019,12,December 2019,34776379.74,5993185.30,28783194.45,18250062.01,10533132.42,2022635.29,8510497.13,5804374.76,28972004.98,36178344.82,9483817.98,0.00,0.00,26694526.84,1799059.26,8669829.58,2442985.64,6226843.93,317234.17
2019,11,November 2019,36478128.57,8062756.58,28415371.99,17484799.42,10930572.57,1799096.96,9131475.61,14194603.80,22283524.77,35513084.66,9100341.79,11385706.36,-2285364.57,26412742.87,-13229559.89,7353364.01,2203274.21,4832968.37,317121.43
2019,10,October 2019,35450018.61,7638227.77,27811790.84,17194370.70,10617420.14,1697177.33,8920242.81,14733833.13,20716185.48,34937934.20,9089561.72,11288585.87,-2199024.16,25848372.48,-14221748.72,7447923.38,2055946.55,5074855.40,317121.43
2019,9,September 2019,35044314.08,7374356.91,27669957.17,16549157.64,11120799.53,1623865.88,9496933.66,13911335.83,21132978.25,35938328.72,10451819.60,11007043.01,-555223.41,25486509.12,-14805350.47,7000253.07,2005600.83,4677530.81,317121.43
2019,8,August 2019,35215543.30,7658744.42,27556798.88,16326402.55,11230396.33,1653915.06,9576481.27,15702066.40,19513476.89,34273009.90,9453781.50,11133128.32,-1679346.82,24819228.41,-14759533.01,6977837.11,2018840.38,4641875.31,317121.43
2019,7,July 2019,35684144.80,7407003.03,28277141.77,16828755.05,11448386.72,1610544.39,9837842.33,17663300.59,18020844.21,33433375.77,9143121.76,10974788.78,-1831667.03,24290254.02,-15412531.56,7479100.71,2003090.93,5158888.35,317121.43
2019,6,June 2019,34904051.77,7005223.50,27898828.27,16737577.93,11161250.34,1650867.68,9510382.66,18471241.48,16432810.29,32341481.45,7583241.82,10435252.08,-2852010.26,24758239.63,-15908671.16,8088459.46,2014073.95,5729582.09,344803.42
2019,5,May 2019,34886171.27,7072469.66,27813701.61,16429694.42,11384007.19,1705673.25,9678333.94,19100003.89,15786167.38,32194612.34,7312173.99,10013126.64,-2700952.65,24882438.34,-16408444.96,8154878.54,2111848.42,5698226.70,344803.42
2019,4,April 2019,34738786.48,7159341.33,27579445.15,16323242.88,11256202.28,1717133.53,9539068.74,17324334.13,17414452.35,32891837.79,8003857.70,9439958.23,-1436100.54,24887980.09,-15477385.44,7948251.34,2158698.81,5444749.12,344803.42
2019,3,March 2019,33831073.76,6996258.64,26834815.12,15890938.70,10943876.42,1780611.44,9163264.98,16816802.47,17014271.29,31736895.75,7742158.55,8846438.62,-1104280.08,23994737.21,-14722624.46,7246275.17,2153220.11,4748251.64,344803.42
2019,2,February 2019,32860412.99,6313773.28,26546639.71,15516522.24,11030117.47,1840518.75,9189598.72,17023154.96,15837258.03,30520863.14,6355285.12,8715699.88,-2360414.77,24165578.02,-14683605.10,7166894.51,2241313.48,4580777.61,344803.42
2019,1,January 2019,33727792.36,6956705.31,26771087.05,15629072.56,11142014.49,1740194.77,9401819.72,17814232.98,15913559.38,28652344.40,5705553.55,8205949.53,-2500395.98,22946790.85,-12738785.02,7488235.71,2139666.39,5003765.90,344803.42
2018,12,December 2018,33359248.54,6290673.48,27068575.06,15316017.08,11752557.98,1912975.63,9839582.35,18397816.89,14961431.64,27574319.41,4866094.44,8006625.38,-3140530.94,22708224.97,-12612887.76,7135729.29,2329706.58,4461219.30,344803.42
2018,11,November 2018,31859474.03,6392048.48,25467425.55,14779216.89,10688208.65,1712092.85,8976115.81,18990400.78,12869073.24,26075984.10,2980818.93,7125390.36,-4144571.43,23095165.17,-13206910.86,6811192.37,2100129.91,4366259.05,344803.42
2018,10,October 2018,32026500.03,5984596.17,26041903.87,14800512.49,11241391.38,1601690.67,9639700.70,18770212.88,13256287.15,26894678.47,3756182.62,7262280.61,-3506098.00,23138495.84,-13638391.32,7328423.46,1956009.42,5027610.63,344803.42
2018,9,September 2018,30851051.87,5290389.54,25560662.33,14802977.19,10757685.14,1601885.75,9155799.39,18815935.55,12035116.32,26408425.68,3440986.85,7053020.64,-3612033.79,22967438.83,-14373309.36,6802557.09,1926382.16,4531371.51,344803.42
2018,8,August 2018,29704814.88,4845468.41,24859346.47,14411189.64,10448156.83,1541554.75,8906602.08,18411932.13,11292882.75,24691470.05,2221228.26,6832258.46,-4611030.20,22470241.79,-13398587.30,6688519.34,1928744.27,4414971.65,344803.42
2018,7,July 2018,29513533.33,4542431.40,24971101.93,14303099.86,10668002.07,1468302.07,9199700.00,17784894.58,11728638.76,25497325.35,3236115.48,6478687.38,-3242571.90,22261209.87,-13768686.59,6622663.38,1824826.08,4453033.88,344803.42
2018,6,June 2018,29343829.54,4529825.03,24814004.52,14112894.51,10701110.00,1519902.32,9181207.68,18337532.47,11006297.08,25086874.73,2805008.21,6549350.73,-3744342.53,22281866.53,-14080577.65,6360468.37,1900671.87,4115025.96,344770.54
2018,5,May 2018,29875540.94,4706526.75,25169014.19,13942701.10,11226313.09,1577522.02,9648791.07,18297137.72,11578403.22,25235877.12,3029133.21,6389020.08,-3359886.87,22206743.91,-13657473.90,6767652.10,1930695.53,4492186.03,344770.54
2018,4,April 2018,29055250.29,4581096.29,24474153.99,13850005.88,10624148.11,1599176.10,9024972.01,15862412.24,13192838.04,27262815.60,4986326.81,6232356.42,-1246029.61,22276488.79,-14069977.56,6532696.43,1957219.31,4230706.58,344770.54
2018,3,March 2018,29112009.95,4687587.81,24424422.14,13390445.76,11033976.38,1668378.21,9365598.17,16316847.92,12795162.03,26440662.05,4077433.87,6141049.97,-2063616.10,22363228.18,-13645500.02,6755736.40,2039324.37,4371641.49,344770.54
2018,2,February 2018,29653115.46,5510105.18,24143010.28,13288230.52,10854779.76,1570981.99,9283797.77,15032430.46,14620685.00,27097901.65,4596990.16,6149102.33,-1552112.17,22500911.48,-12477216.65,6454075.70,1937337.46,4171967.70,344770.54
2018,1,January 2018,28207927.43,4244895.95,23963031.48,13051971.95,10911059.53,1587947.98,9323111.54,15591517.90,12616409.53,25964493.11,3971062.07,6009706.41,-2038644.34,21993431.04,-13348083.58,6067258.36,1945444.20,3777043.63,344770.54
2017,12,December 2017,28669584.60,4528950.39,24140634.21,12965060.24,11175573.96,1782664.58,9392909.39,15520760.99,13148823.61,25929552.00,3638893.69,6211583.05,-2572689.36,22290658.31,-12780728.39,6484296.32,2157229.65,3982296.12,344770.54
2017,11,November 2017,30343739.60,8032621.59,22311118.02,12196067.71,10115050.31,1553533.07,8561517.24,13297567.14,17046172.47,26349068.54,4392408.33,7620193.14,-3227784.80,21956660.20,-9302896.07,5675343.67,1896156.51,3429416.61,349770.54
2017,10,October 2017,30890764.53,8390146.52,22500618.01,12107555.52,10393062.49,1463773.54,8929288.95,12397103.90,18493660.63,27174805.81,5245888.60,7635144.66,-2389256.06,21928917.21,-8681145.18,5762463.07,1791194.52,3621498.01,349770.54
2017,9,September 2017,29845247.36,7891253.52,21953993.84,11889745.65,10064248.19,1435328.19,8628920.00,10050494.65,19794752.72,26985305.21,4963406.02,7490403.97,-2526997.95,22021899.19,-7190552.49,5559792.16,1781046.41,3428942.34,349803.42
2017,8,August 2017,29493945.01,7642490.70,21851454.31,11960641.22,9890813.10,1523239.91,8367573.19,9732990.89,19760954.12,26821446.81,4824226.22,7834536.74,-3010310.52,21997220.59,-7060492.69,5486804.65,1868735.07,3268266.17,349803.42
2017,7,July 2017,29489598.98,7294579.22,22195019.77,11874338.03,10320681.74,1442158.61,8878523.14,8743688.09,20745910.90,28033384.60,5861018.00,7562425.09,-1701407.08,22172366.60,-7287473.71,5565225.90,1769750.47,3445672.02,349803.42
2017,6,June 2017,28319278.95,6338696.60,21980582.35,11790391.44,10190190.92,1477147.44,8713043.48,8468080.62,19851198.34,27236433.60,5250486.41,7295028.32,-2044541.91,21985947.18,-7385235.26,5480210.61,1873544.00,3256863.20,349803.42
2017,5,May 2017,28039317.59,5991546.92,22047770.68,11790439.26,10257331.42,1520624.47,8736706.95,8540084.49,19499233.11,26836772.47,4811650.01,6870456.31,-2058806.30,22025122.45,-7337539.36,5501726.82,1897917.15,3254006.25,349803.42
2017,4,April 2017,27617212.88,5848971.76,21768241.12,11952561.64,9815679.49,1606576.52,8209102.97,7269852.64,20347360.25,27514336.86,5270202.59,6863997.98,-1593795.38,22244134.26,-7166976.61,5862023.02,1975812.32,3536407.29,349803.42
2017,3,March 2017,27971090.01,5666822.17,22304267.84,12069736.25,10234531.59,1661015.33,8573516.26,7628543.46,20342546.55,27675371.94,5303542.02,6533018.62,-1229476.59,22371829.92,-7332825.39,5643384.01,1983633.07,3309947.53,349803.42
2017,2,February 2017,27724040.10,5513085.26,22210954.84,12153000.34,10057954.50,1612071.59,8445882.91,7977399.24,19746640.86,27209343.43,4977649.78,6534102.46,-1556452.67,22231693.64,-7462702.57,5558451.16,1978886.94,3234760.81,344803.42
2017,1,January 2017,28478649.51,5382122.96,23096526.55,12113228.02,10983298.53,1631014.74,9352283.79,9473002.48,19005647.02,26508030.42,4629967.24,6411045.68,-1781078.44,21878063.18,-7502383.40,5650990.48,1994577.62,3311609.44,344803.42
2016,12,December 2016,28501887.38,4910154.80,23591732.58,12320225.75,11271506.82,1820415.90,9451090.92,9149659.29,19352228.09,26857719.34,4875570.30,6930205.46,-2054635.16,21982149.04,-7505491.25,5847916.84,2179174.28,3323939.15,344803.42
2016,11,November 2016,27071771.48,4685723.05,22386048.43,11953373.71,10432674.72,1587050.61,8845624.11,7996938.19,19074833.28,26695865.72,3579216.77,5983895.00,-2404678.23,23116648.95,-7621032.43,5357858.56,1907863.84,3110191.30,339803.42
2016,10,October 2016,26406619.99,4226547.69,22180072.30,12251895.85,9928176.45,1521797.77,8406378.68,7621243.68,18785376.31,26700723.50,3520265.44,6058148.70,-2537883.26,23180458.06,-7915347.19,5202080.99,1825664.51,3036613.06,339803.42
2016,9,September 2016,26001460.42,3987679.53,22013780.89,12184092.85,9829688.04,1477436.25,8352251.78,7742283.63,18259176.79,26254660.96,3514975.12,5982434.66,-2467459.54,22739685.84,-7995484.17,5197108.16,1794287.84,3063016.90,339803.42
2016,8,August 2016,25754285.16,3697284.21,22057000.95,12521427.88,9535573.07,1369515.48,8166057.59,7350806.41,18403478.75,26356276.28,3550157.12,5858573.89,-2308416.77,22806119.16,-7952797.52,5215450.81,1679477.28,3196170.11,339803.42
2016,7,July 2016,24619061.84,2083869.08,22535192.76,12951256.73,9583936.03,1374099.78,8209836.25,7563877.17,17055184.67,25424599.11,3004853.09,5237429.02,-2232575.93,22419746.02,-8369414.44,5270612.89,1664658.29,3266151.19,339803.42
2016,6,June 2016,24013562.17,1935548.71,22078013.46,12559032.07,9518981.39,1379045.17,8139936.23,7105663.47,16907898.70,24623626.70,3171443.45,5281575.98,-2110132.53,21452183.25,-7715728.00,5371863.68,1684583.12,3347477.14,339803.42
2016,5,May 2016,23048707.28,2013574.91,21035132.36,11330042.03,9705090.34,1393665.94,8311424.40,5206749.90,17841957.37,23070907.80,4031554.40,5334571.49,-1303017.09,19039353.40,-5228950.42,5496708.45,1746717.85,3410187.18,339803.42
2016,4,April 2016,22802211.73,2074302.26,20727909.47,11591841.01,9136068.46,1444375.23,7691693.23,5045947.93,17756263.80,23312346.17,3932580.40,5162041.90,-1229461.50,19379765.77,-5556082.37,5587673.34,1763533.17,3484336.76,339803.42
2016,3,March 2016,22409704.65,1939268.65,20470436.00,11429618.32,9040817.68,1441365.03,7599452.65,5551714.27,16857990.38,22664815.74,3781378.71,4990047.09,-1208668.38,18883437.04,-5806825.37,5760440.64,1811090.48,3609546.75,339803.42
2016,2,February 2016,22523894.51,1903091.43,20620803.08,11554089.90,9066713.19,1377480.38,7689232.81,5471351.91,17052542.60,22568685.71,3516381.23,4899956.16,-1383574.93,19052304.48,-5516143.11,5097186.80,1711623.51,3043259.88,342303.42
2016,1,January 2016,21672927.94,1873470.40,19799457.54,11548684.23,8250773.31,1378027.66,6872745.65,5392609.33,16280318.61,22358143.32,3417394.76,4814481.41,-1397086.65,18940748.56,-6077824.71,5751089.78,1725128.38,3683657.98,342303.42
2015,12,December 2015,21718860.28,1689029.17,20029831.12,11458129.82,8571701.30,1456096.85,7115604.46,5653320.37,16065539.91,21612452.09,2891946.66,4473982.44,-1582035.78,18720505.43,-5546912.18,5812744.35,1857941.79,3954802.55,-
2015,11,November 2015,20079940.89,1712702.36,18367238.54,11386741.79,6980496.75,1260671.36,5719825.39,5287243.46,14792697.44,20470803.46,1762749.37,4117205.78,-2354456.41,18708054.09,-5678106.03,5639628.98,1633210.00,4006418.98,-
2015,10,October 2015,20240450.31,2036054.52,18204395.78,11514749.91,6689645.87,1202026.88,5487619.00,4622150.37,15618299.93,21348605.01,2260614.98,3633795.80,-1373180.81,19087990.03,-5730305.07,5546543.52,1560385.57,3986157.96,-
2015,9,September 2015,21330232.78,2612229.67,18718003.11,11569410.44,7148592.67,1218953.10,5929639.57,5083121.11,16247111.67,21519790.11,2786333.52,4223071.65,-1436738.13,18733456.59,-5272678.44,5788272.31,1637495.61,4150776.70,-
2015,8,August 2015,21435591.43,2944019.48,18491571.96,11521980.43,6969591.52,1146928.16,5822663.36,5498140.65,15937450.78,21393011.53,2760460.28,4080019.61,-1319559.33,18632551.25,-5455560.74,5895617.74,1544559.65,4351058.09,-
2015,7,July 2015,21519139.56,3094436.48,18424703.08,11953645.89,6471057.20,1184538.98,5286518.21,5687055.54,15832084.02,21542547.27,2875906.72,4287772.98,-1411866.26,18666640.56,-5710463.25,5931397.44,1574525.32,4356872.12,-
2015,6,June 2015,21677195.44,2865766.04,18811429.40,12269037.20,6542392.20,1183988.38,5358403.82,5951452.90,15725742.54,21409774.20,2511101.09,4132606.05,-1621504.95,18898673.11,-5684031.66,5945762.09,1562346.08,4383416.01,-
2015,5,May 2015,21857987.92,2661422.78,19196565.14,12524328.27,6672236.87,1315061.21,5357175.66,6286200.65,15571787.27,21042266.92,2363590.67,4029558.35,-1665967.68,18678676.25,-5470479.65,6163325.53,1671335.16,4491990.36,-
2015,4,April 2015,21864570.84,2256491.98,19608078.85,12422840.15,7185238.71,1188953.65,5996285.06,6075908.35,15788662.48,19990580.10,1590233.23,2839468.57,-1249235.34,18400346.87,-4201917.61,5342751.30,1569240.70,3773510.60,-
2015,3,March 2015,21714442.06,2582078.76,19132363.30,12148439.91,6983923.39,1471129.47,5512793.91,6787822.21,14926619.84,20635772.00,1985433.66,3637854.05,-1652420.40,18650338.34,-5709152.15,5907178.23,1818420.42,4088757.81,-
2015,2,February 2015,21400032.11,2534109.77,18865922.34,12141331.77,6724590.58,1302042.17,5422548.41,6786027.32,14614004.78,20485155.87,1732411.48,3377695.14,-1645283.66,18752744.39,-5871151.08,5675431.79,1622701.06,4052730.73,-
2015,1,January 2015,21674973.34,2709439.84,18965533.50,11856488.21,7109045.29,1395391.85,5713653.45,6284060.65,15390912.69,20148715.36,1973084.70,3613324.72,-1640240.01,18175630.65,-4757802.66,5443529.29,1661692.84,3781836.45,0.00
2014,12,December 2014,21246341.43,2333312.45,18913028.98,12008237.57,6904791.41,1437397.09,5467394.32,6954214.77,14292126.66,19273756.71,1147707.24,3169119.88,-2021412.64,18126049.46,-4981630.05,5930945.96,1797978.87,4132967.09,0.00
2014,11,November 2014,21646682.20,2842402.26,18804279.94,11720158.45,7084121.49,1319192.86,5764928.62,6966102.42,14680579.78,19017135.96,942124.71,3116383.71,-2174259.01,18075011.25,-4336556.18,5130223.30,1577889.36,3552333.95,0.00
2014,10,October 2014,21402085.91,2905888.02,18496197.88,11235161.61,7261036.27,1263309.86,5997726.41,6805704.96,14596380.94,18692283.93,902223.72,2997026.22,-2094802.50,17790060.21,-4095902.99,5144971.51,1533609.48,3611362.03,0.00
2014,9,September 2014,21497755.01,3297598.33,18200156.68,10847579.84,7352576.84,1299481.66,6053095.19,7578783.54,13918971.47,17968357.81,274278.55,2447145.01,-2172866.46,17694079.26,-4049386.34,4943049.28,1547922.93,3395126.35,0.00
2014,8,August 2014,21117724.23,3218821.76,17898902.47,10838882.63,7060019.84,1254603.91,5805415.93,7538588.09,13579136.14,17581836.62,173965.83,2338476.65,-2164510.82,17407870.79,-4002700.48,4791799.15,1501114.64,3290684.51,0.00
2014,7,July 2014,21290280.49,3188037.66,18102242.84,10883326.42,7218916.42,1282794.86,5936121.56,7950033.06,13340247.44,17403322.76,169214.44,2488484.65,-2319270.21,17234108.32,-4063075.33,4833288.20,1567795.42,3265492.77,0.00
2014,6,June 2014,20602992.50,3026352.21,17576640.30,10480203.25,7096437.05,1211563.93,5884873.12,7673096.58,12929895.93,16689493.70,-238488.87,2092823.50,-2331312.37,16927982.57,-3759597.77,4786356.02,1496742.06,3289613.96,0.00
2014,5,May 2014,20136339.09,2513780.70,17622558.39,10273877.48,7348680.91,1254613.79,6094067.12,6671522.71,13464816.38,17432171.90,734152.81,2224841.55,-1490688.74,16698019.09,-3967355.52,5123110.28,1517240.24,3605870.04,0.00
2014,4,April 2014,20474854.57,2588206.74,17886647.83,10209540.00,7677107.83,1282947.43,6394160.41,6731897.97,13742956.60,17889792.44,1176186.91,2424202.50,-1248015.59,16713605.54,-4146835.84,5342756.63,1569240.70,3773515.93,0.00
2014,3,March 2014,20573700.65,2840782.10,17732918.56,10115009.04,7617909.51,1285836.46,6332073.05,6609079.43,13964621.22,18100749.54,1648444.65,2531953.15,-883508.50,16452304.89,-4136128.32,4665783.45,1573957.60,3091825.85,0.00
2014,2,February 2014,18100670.89,2676495.71,15424175.17,8684771.42,6739403.75,1257922.74,5481481.02,6725386.92,11375283.97,15681565.85,-712493.70,83157.37,-795651.07,16394059.55,-4306281.87,4732370.92,1557627.71,3174743.20,0.00
2014,1,January 2014,18600766.79,3107077.29,15493689.50,8711673.35,6782016.15,1332886.42,5449129.73,7404957.45,11195809.34,15585742.76,-478512.55,184144.96,-662657.51,16064255.31,-4389933.42,4921167.94,1588076.30,3333091.64,0.00
2013,12,December 2013,18997049.97,3308086.42,15688963.55,8656124.80,7032838.75,1446660.40,5586178.35,8658649.73,10338400.23,14535204.72,-1656265.28,174406.66,-1830671.94,16191470.00,-4196804.49,5090244.76,1776413.12,3313831.64,0.00
2013,11,November 2013,18017323.95,3282441.15,14734882.80,8356843.98,6378038.83,1298533.80,5079505.03,8680868.48,9336455.47,14092904.40,-2358883.29,-452992.79,-1905890.50,16451787.69,-4756448.93,4463085.48,1571034.80,2892050.68,0.00
2013,10,October 2013,17659906.65,3130398.65,14529508.00,8069502.82,6460005.18,1249515.16,5210490.02,8897056.81,8762849.84,13627297.31,-2649138.72,-699412.14,-1949726.58,16276436.03,-4864447.47,4511510.83,1549536.22,2961974.61,0.00
2013,9,September 2013,17194456.18,2832005.11,14362451.07,8068974.34,6293476.73,1168176.70,5125300.03,8923526.48,8270929.70,13087907.24,-3191362.40,-1132368.89,-2058993.51,16279269.64,-4816977.55,4649991.76,1474048.92,3175942.85,0.00
2013,8,August 2013,17556349.38,2936900.14,14619449.23,8349106.98,6270342.25,1152577.36,5117764.89,8993507.62,8562841.76,13187679.95,-2913532.85,-943920.05,-1969612.81,16101212.81,-4624838.19,4227605.62,1443338.14,2784267.48,0.00
2013,7,July 2013,18084913.27,3273483.47,14811429.80,8288876.88,6522552.92,1141568.91,5380984.01,8907700.09,9177213.19,13820873.48,-1975740.91,-55461.88,-1920279.03,15796614.39,-4643660.29,3873945.44,1457282.93,2416662.52,0.00
2013,6,June 2013,17777776.16,2184603.65,15593172.51,8653623.30,6939549.21,1127804.88,5811744.33,9164430.15,8613346.01,13149382.49,-2542654.43,11665.09,-2554319.53,15692036.93,-4536036.48,3236152.86,1425507.77,1810645.09,0.00
2013,5,May 2013,17802957.44,2378904.82,15424052.62,8679498.09,6744554.53,1160609.90,5583944.64,9404620.55,8398336.88,13235702.52,-2249527.38,-151655.32,-2097872.06,15485229.91,-4837365.64,3432056.76,1457653.74,1974403.02,0.00
2013,4,April 2013,17792411.60,2158029.55,15634382.05,8858204.63,6776177.42,1185309.97,5590867.45,9557830.12,8234581.48,13205410.88,-2202764.55,41686.15,-2244450.69,15408175.43,-4970829.40,3435630.99,1470133.64,1965497.34,0.00
2013,3,March 2013,17446172.27,1777003.12,15669169.15,8730636.66,6938532.49,1242634.18,5695898.32,9685875.14,7760297.13,12740967.85,-2520968.24,61448.49,-2582416.74,15261936.09,-4980670.72,3911466.20,1508513.31,2402952.89,0.00
2013,2,February 2013,17314500.26,1766875.54,15547624.71,8633225.34,6914399.38,1163721.52,5750677.86,9752647.02,7561853.23,12808673.40,-2276494.72,619645.62,-2896140.35,15085168.13,-5246820.17,3763368.43,1437459.95,2325908.48,0.00
2013,1,January 2013,16671561.17,1363168.36,15308392.82,8229646.86,7078745.96,1155720.07,5923025.89,9271711.54,7399849.63,12489950.84,-2502762.38,387506.23,-2890268.61,14992713.22,-5090101.21,3401482.91,1457179.98,1944302.93,0.00
2012,12,December 2012,16488122.84,1004275.30,15483847.53,8062901.35,7420946.19,1301160.63,6119785.55,9043678.68,7444444.15,12698205.05,-2453557.09,483014.69,-2936571.78,15151762.15,-5253760.90,3704483.55,1631717.16,2072766.40,0.00
2012,11,November 2012,17046001.19,1983271.22,15062729.97,8182085.68,6880644.29,1140598.43,5740045.86,8732276.44,8313724.75,13827813.60,-1424740.38,1876226.50,-3300966.89,15252553.99,-5514088.85,2980135.44,1430962.37,1549173.08,0.00
2012,10,October 2012,16293437.96,1894138.79,14399299.17,7857199.14,6542100.03,1153552.68,5388547.36,8763203.12,7530234.85,13093616.61,-1847500.90,1807115.39,-3658062.99,14941117.52,-5563381.77,3041155.66,1458211.89,1582943.77,0.00
2012,9,September 2012,15149629.67,1084362.53,14065267.13,7672812.26,6392454.87,1070172.62,5322282.25,8301526.97,6848102.69,12886595.34,-1867404.16,834488.05,-3095017.17,14753999.51,-6038492.65,3117810.58,1348838.34,1768972.24,0.00
2012,8,August 2012,14735901.41,965839.15,13770062.26,7525703.89,6244358.37,1080799.99,5163558.38,8069447.59,6666453.82,12725514.07,-1982468.02,854632.97,-3134148.81,14707982.09,-6059060.25,3070377.66,1368236.75,1702140.91,0.00
2012,7,July 2012,14714495.01,1322068.63,13392426.38,6988638.82,6403787.56,1076822.24,5326965.32,7815868.96,6898626.05,12846189.50,-1999193.85,1337884.48,-3347621.51,14845383.35,-5947563.45,2954633.66,1362604.36,1592029.29,0.00
2012,6,June 2012,15048371.94,1567980.68,13480391.26,6883664.88,6596726.38,1088325.98,5508400.40,7522255.04,7528785.06,13019453.66,-1681604.73,1411043.50,-3092648.24,14701058.40,-5490668.61,2511975.29,1363730.71,1148244.59,-
2012,5,May 2012,15286304.59,1683165.25,13603139.34,7068635.77,6534503.57,1121583.41,5412920.16,7984810.50,7301494.09,12609078.29,-1863509.94,1386251.83,-3249761.77,14472588.23,-5307584.20,2506691.84,1398955.50,1107736.34,0.00
2012,4,April 2012,15109126.08,1804342.27,13304783.81,6635959.38,6668824.43,1111098.33,5557726.10,7692058.54,7417067.54,12936330.09,-1256292.68,1726267.53,-2982560.21,14192622.77,-5519262.56,2589534.35,1422438.72,1167095.62,0.00
2012,3,March 2012,15161252.27,1890278.46,13270973.81,6748033.43,6522940.37,1141350.39,5381589.99,7306723.10,7854529.17,13264928.94,-854957.14,2009222.25,-2864179.39,14119886.08,-5410399.78,2527604.31,1432834.61,1094769.70,0.00
2012,2,February 2012,14452845.58,1299058.09,13153787.49,6733184.44,6420603.05,1081680.93,5338922.12,7234596.54,7218249.04,12849847.50,-1160964.87,1997110.90,-3158075.77,14010812.38,-5631598.46,2759956.28,1438616.76,1321339.51,-
2012,1,January 2012,14686830.99,931537.77,13755293.22,6928387.83,6826905.39,1093734.03,5733171.36,7413617.17,7273213.82,13162285.95,-1479265.09,1748615.39,-3227880.48,14641551.03,-5889072.12,2689361.74,1476068.83,1213292.91,-
2011,12,December 2011,14306778.31,1003283.81,13303494.50,6531913.01,6771581.49,1245135.35,5526446.14,7138672.78,7168105.53,13152869.08,-1030722.73,2205392.84,-3236115.57,14183591.82,-5984763.55,2784065.43,1566046.44,1218018.99,-
2011,11,November 2011,13163269.45,952857.08,12210412.37,6437190.41,5773221.95,1069397.15,4703824.81,6623233.60,6540035.85,10847558.18,-1555333.37,1480900.89,-3036234.26,12402891.55,-4307522.33,2342193.14,1390961.08,951232.06,-
2011,10,October 2011,12710578.05,538077.97,12172500.07,6374301.70,5798198.38,1037603.52,4760594.86,6724513.83,5986064.21,9769718.16,-1868707.18,1880084.09,-3748791.27,11638425.34,-3783653.95,2365592.76,1358967.97,1006624.79,-
2011,9,September 2011,13052461.84,434381.51,12618080.33,6615820.20,6002260.13,1011756.22,4990503.92,6669766.05,6382695.79,9894881.01,-1215856.00,1802759.77,-3018615.77,11110737.01,-3512185.22,1908239.37,1342358.03,565881.34,-
2011,8,August 2011,12817401.81,309386.82,12508014.99,6636783.27,5871231.72,1061092.08,4810139.64,6976366.33,5841035.48,9689881.44,-1194344.95,1583135.65,-2777480.60,10884226.39,-3848845.95,1842515.11,1380266.48,462248.63,-
2011,7,July 2011,12466786.12,77511.28,12389274.84,6520956.78,5868318.06,1040301.63,4828016.43,7506030.43,4960755.68,7920555.81,-2031258.60,1210727.50,-3241986.09,9951814.40,-2959800.12,2169931.58,1344152.29,825779.29,-
2011,6,June 2011,12172096.71,0.00,12172096.71,6534832.17,5637264.54,1016449.92,4620814.62,6453690.26,5718406.45,8695736.70,-1262213.19,1422618.67,-2684831.86,9957949.88,-2977330.25,2065056.34,1353982.61,711073.73,-
2011,5,May 2011,11986234.87,0.00,11986234.87,6435147.42,5551087.44,1055213.67,4495873.78,6357085.65,5629149.22,8758459.82,-1090788.89,1455438.37,-2546227.26,9849248.71,-3129310.60,1750908.77,1401790.42,349118.35,-
2011,4,April 2011,11898956.66,0.00,11898956.66,6282334.36,5616622.30,1141065.57,4475556.72,6274531.70,5624424.96,8904956.99,-995077.17,1590371.19,-2585448.36,9900034.16,-3280532.03,1696236.60,1492278.87,203957.73,-
2011,3,March 2011,11739991.26,86367.45,11653623.81,6229106.61,5424517.20,1112684.15,4311833.05,6988078.10,4751913.16,7996427.28,-1450519.04,1910850.79,-3361369.83,9446946.32,-3244514.12,1705916.44,1416379.04,289537.40,-
2011,2,February 2011,11643528.65,47860.34,11595668.30,6206538.59,5389129.71,1024650.79,4364478.92,6725495.02,4918033.63,8311078.50,-867211.05,2026151.32,-2893362.37,9178289.55,-3393044.88,1820891.35,1336807.39,484083.96,-
2011,1,January 2011,11719038.11,157512.16,11561525.95,5994451.09,5567074.86,1033447.93,4533626.93,6400551.35,5318486.76,8580840.01,-835866.88,1856586.67,-2692453.55,9416706.89,-3262353.26,1694893.64,1340435.04,354458.60,-
2010,12,December 2010,11525530.34,0.00,11525530.34,5954260.45,5571269.89,1082295.07,4488974.82,6506618.59,5018911.76,8498646.42,-1331697.66,1412726.01,-2744423.67,9830344.08,-3479734.66,1845714.52,1378134.43,467580.09,-
2010,11,November 2010,11142651.36,0.00,11142651.36,5868409.21,5274242.15,892330.10,4381912.05,6327100.32,4815551.03,9326056.75,-1422322.59,1051442.98,-2473765.57,10748379.34,-4510505.72,1450823.47,1227639.10,223184.36,-
2010,10,October 2010,11224607.28,0.00,11224607.28,5891857.48,5332749.80,874894.07,4457855.73,6247755.87,4976851.41,9315228.34,-1219137.51,998764.62,-2217902.13,10534365.85,-4338376.93,1438353.30,1153171.25,285182.05,-
2010,9,September 2010,11224789.77,0.00,11224789.77,5968898.97,5255890.80,880864.17,4375026.63,6453963.97,4770825.80,9012118.49,-1323996.29,823202.37,-2147198.66,10336114.78,-4241292.69,1344324.61,1125394.92,218929.69,-
2010,8,August 2010,11520644.68,0.00,11520644.68,6098142.41,5422502.27,822229.61,4600272.66,6526918.14,4993726.54,9160304.97,-952896.42,1307453.15,-2260349.56,10113201.39,-4166578.43,1752945.76,1094707.85,658237.91,-
2010,7,July 2010,10941435.30,0.00,10941435.30,5983085.61,4958349.69,805680.20,4152669.49,6583044.61,4358390.69,8343791.55,-1566914.03,977627.56,-2544541.58,9910705.58,-3985400.86,1658882.16,1076922.08,581960.08,-
2010,6,June 2010,10887993.74,42495.65,10845498.10,5927508.17,4917989.92,795412.07,4122577.85,6484759.01,4403234.73,8516895.63,-1585921.87,886294.27,-2472216.14,10102817.50,-4113660.90,1535112.35,1063633.00,471479.35,-
2010,5,May 2010,10759314.65,0.00,10759314.65,5741044.63,5018270.02,817431.62,4200838.40,6601413.41,4157901.24,8561185.71,-1465783.35,1129281.79,-2595065.14,10026969.06,-4403284.47,1534788.53,1056748.38,478040.16,-
2010,4,April 2010,10972487.61,0.00,10972487.61,5929198.92,5043288.69,831289.93,4211998.76,7008858.60,3963629.01,8165066.44,-1914158.76,840704.81,-2754863.57,10079225.20,-4201437.43,1516546.61,1072606.34,443940.27,-
2010,3,March 2010,11023312.97,0.00,11023312.97,6056859.10,4966453.87,833557.39,4132896.48,7249631.85,3773681.12,8268423.51,-1782248.40,984107.14,-2766355.53,10050671.90,-4494742.39,1810889.99,1086457.41,724432.59,-
2010,2,February 2010,10792645.17,0.00,10792645.17,5991928.55,4800716.63,812132.66,3988583.97,7298136.87,3494508.30,8044868.02,-2024593.12,722324.11,-2746917.23,10069461.14,-4550359.72,1738741.40,1049411.15,689330.25,-
2010,1,January 2010,10478417.29,32043.35,10446373.94,5805454.91,4640919.02,820528.05,3820390.97,7417256.87,3061160.41,7748513.42,-2333484.88,697288.95,-3030773.83,10081998.31,-4687353.01,1647806.04,1068205.82,579600.22,-
2009,12,December 2009,10780627.14,0.00,10780627.14,5763511.22,5017115.93,927236.44,4089879.48,7593321.82,3187305.32,7862641.39,-2356694.72,770038.26,-3126732.97,10219336.11,-4675336.07,1653859.98,1181541.93,472318.05,-
2009,11,November 2009,-,-,10239558.40,5517661.70,4721896.70,851394.40,3870502.20,7477281.00,2762277.40,7424739.00,-2565242.40,-,-,9989981.50,-4662461.60,1383510.44,1108617.30,274893.19,-
2009,10,October 2009,-,-,9911551.30,5520905.00,4390646.40,781323.90,3609322.50,7256130.80,2655420.60,7131494.80,-2722121.40,-,-,9853616.20,-4476074.20,1794947.13,1020135.10,774811.99,-
2009,9,September 2009,-,-,9458490.20,5124990.20,4333500.10,778724.60,3554775.50,6886864.60,2571625.70,6854251.40,-2957111.80,-,-,9811363.30,-4282625.70,1261973.60,1031852.00,230121.58,-
2009,8,August 2009,-,-,9475324.90,4959974.80,4515350.00,759861.60,3755488.40,7514680.20,1960644.70,6394215.50,-3280802.20,-,-,9675017.70,-4433570.80,1239508.04,1019428.20,220079.87,-
2009,7,July 2009,-,-,8889358.80,4585570.20,4303788.60,766880.00,3536908.60,7553994.10,1335364.70,5723916.20,-3302158.30,-,-,9026074.50,-4388551.50,1210805.45,1008282.40,202523.07,-
2009,6,June 2009,-,-,9077026.50,4592410.80,4484615.70,746463.80,3738151.90,7643607.10,1433419.40,5406926.50,-3150018.10,-,-,8556944.70,-3973507.10,1291493.20,1006598.90,284894.35,-
2009,5,May 2009,-,-,8720581.40,4398124.90,4322456.50,764389.70,3558066.80,7633449.60,1087131.90,5246649.10,-3262697.10,-,-,8509346.30,-4159517.20,1381358.41,1026915.40,354442.97,-
2009,4,April 2009,-,-,9001008.10,4431343.50,4569664.60,823772.50,3745892.00,7963791.80,1037216.40,5038211.10,-3341698.00,-,-,8379909.00,-4000994.70,1506021.10,1048137.40,457883.69,-
2009,3,March 2009,-,-,8997817.30,4331102.30,4666715.00,804073.30,3862641.70,8105332.20,892485.00,4620518.20,-3605924.40,-,-,8226442.60,-3728033.20,1384040.39,1037766.10,346274.24,-
2009,2,February 2009,-,-,9087967.00,4428959.20,4659007.80,814931.30,3844076.50,8421238.60,666728.40,4324858.20,-4143119.90,-,-,8467978.10,-3658129.80,1355386.31,1024200.60,331185.71,-
2009,1,January 2009,-,-,9294035.90,4569149.50,4724886.50,839198.10,3885688.40,7884699.90,1409336.10,5001648.40,-3506931.10,-,-,8508579.50,-3592312.30,1486824.34,1064615.10,422209.24,-
2008,12,December 2008,-,-,9166835.30,4309523.10,4857312.20,892675.60,3964636.70,8550430.30,616405.00,4951860.30,-3107688.60,-,-,8059548.90,-4335455.30,1549093.03,1155334.60,393758.48,-
2008,11,November 2008,-,-,8387156.70,4118172.80,4268983.90,744343.60,3524640.30,7633712.00,753444.80,4337279.20,-3635992.30,-,-,7973271.50,-3583834.40,1284518.46,988182.50,296335.98,-
2008,10,October 2008,-,-,8339115.50,4103304.50,4235811.00,743153.10,3492657.80,7975734.90,363380.50,4254703.70,-3439071.70,-,-,7693775.40,-3891323.20,1251929.91,966136.90,285793.03,-
2008,9,September 2008,-,-,8960287.70,4438497.40,4521790.30,756786.00,3765004.30,8523481.00,436806.80,4244627.10,-3230039.30,-,-,7474666.40,-3807820.30,1247209.47,976362.30,270847.16,-
2008,8,August 2008,-,-,8335290.50,4070429.90,4264860.60,727003.60,3537857.00,8461171.70,-125881.20,4438433.70,-2986658.70,-,-,7425092.40,-4564314.90,1273816.46,948262.70,325553.78,-
2008,7,July 2008,-,-,8067591.20,3968629.10,4098962.20,705084.40,3393877.80,8032523.50,35067.80,4907125.30,-2433993.00,-,-,7341118.30,-4872057.50,1279228.72,936858.50,342370.24,-
2008,6,June 2008,-,-,7948368.80,3619857.20,4328511.70,673055.40,3655456.30,8316237.20,-367868.40,4038236.30,-2716445.30,-,-,6754681.60,-4406104.70,1517769.45,918282.90,599486.57,-
2008,5,May 2008,-,-,7546333.70,3553061.10,3993272.60,660155.20,3333117.40,8148341.80,-602008.10,3693217.70,-3094241.20,-,-,6787458.90,-4295225.80,1242324.87,916902.20,325422.71,-
2008,4,April 2008,-,-,7805093.50,3749496.50,4055597.10,674770.10,3380826.90,8157104.60,-352011.10,3599023.00,-2895186.40,-,-,6494209.40,-3951034.10,1158839.25,898903.70,259935.50,-
2008,3,March 2008,-,-,7998232.80,3452094.20,4546138.60,662789.60,3883349.00,7991622.80,6610.10,3462330.50,-2501996.30,-,-,5964326.80,-3455720.40,1200043.02,891816.90,308226.13,-
2008,2,February 2008,-,-,7016468.50,3233116.50,3783352.00,687552.10,3095799.90,7659356.10,-642887.50,3282957.90,-2456442.80,-,-,5739400.70,-3925845.40,1065912.73,866677.60,199235.13,-
2008,1,January 2008,-,-,6527673.00,3055565.40,3472107.60,667987.70,2804120.00,7446486.30,-918813.20,2918850.50,-2419584.30,-,-,5338434.80,-3837663.70,1050304.69,865935.00,184369.68,-
2007,12,December 2007,-,-,5809826.50,2693554.30,3116272.10,737867.20,2378404.90,7266512.10,-1456685.60,2688236.50,-2368484.40,-,-,5056720.90,-4144922.10,1195271.94,960774.40,234497.50,-
2007,11,November 2007,-,-,5881558.60,2926455.10,2955103.60,634096.70,2321006.90,7098122.00,-1216563.30,2515492.50,-2197226.50,-,-,4712718.90,-3732055.80,1091068.72,790177.10,300891.63,-
2007,10,October 2007,-,-,5585227.80,2646354.60,2938873.10,571347.80,2367525.40,7185713.40,-1600485.60,1789865.70,-2625690.80,-,-,4415556.40,-3390351.30,940779.37,755643.40,185136.02,-
2007,9,September 2007,-,-,5672622.40,2634014.50,3038607.90,543386.40,2495221.50,6977270.90,-1304648.40,1740308.50,-2462861.00,-,-,4203169.50,-3044956.90,967276.92,722306.90,244970.00,-
2007,8,August 2007,-,-,5550488.30,2678221.50,2872266.80,523997.00,2348269.80,6729268.00,-1178779.80,1414020.80,-2495428.90,-,-,3909449.70,-2592800.60,942180.62,717704.50,224476.14,-
2007,7,July 2007,-,-,5130160.20,2379653.60,2750506.50,519114.30,2231392.20,7005911.50,-1875751.40,1086789.10,-2742458.00,-,-,3829247.10,-2962540.50,935374.78,714343.10,221031.71,-
2007,6,June 2007,-,-,5116246.70,2477185.70,2639061.00,525742.50,2113318.50,7633412.60,-2517165.90,888710.90,-2615012.00,-,-,3503723.00,-3405876.80,858301.17,714955.60,143345.60,-
2007,5,May 2007,-,-,4909220.60,2350533.10,2558687.50,565350.00,1993337.50,7322146.00,-2412925.40,988694.10,-2436619.10,-,-,3425313.20,-3401619.50,1031500.71,742810.40,288690.29,-
2007,4,April 2007,-,-,5052863.30,2203453.90,2849409.40,609486.80,2239922.60,7093858.40,-2040995.10,456853.00,-2754698.00,-,-,3211551.00,-2497848.10,896020.10,766011.70,130008.38,-
2007,3,March 2007,-,-,4798317.40,2195884.90,2602432.40,593302.20,2009130.20,6997940.80,-2199623.40,540315.80,-2508626.60,-,-,3048942.30,-2739939.20,841250.70,727411.20,113839.48,-
2007,2,February 2007,-,-,4122142.00,1869146.80,2252995.20,604116.90,1648878.30,6752051.90,-2629909.90,-97763.20,-2469053.10,-,-,2371289.90,-2532146.70,801370.80,704584.80,96786.01,-
2007,1,January 2007,-,-,3900134.70,1722915.60,2177219.20,601410.10,1575809.00,7079270.50,-3179135.80,-262342.70,-2598554.70,-,-,2336212.00,-2916793.10,827891.53,705163.80,122727.72,-
2006,12,December 2006,-,-,4027901.70,1747252.80,2280648.90,650943.60,1629705.30,6307859.30,-2279957.60,714205.70,-1936615.70,-,-,2650821.50,-2994163.30,974903.92,779254.20,195649.76,-
2006,11,November 2006,-,-,4557557.20,2122317.40,2435239.80,567273.60,1867966.20,6694599.20,-2137042.00,1062510.80,-1589697.20,-,-,2652208.00,-3199552.80,799978.93,669521.00,130457.92,-
2006,10,October 2006,-,-,4730662.80,2162328.80,2568334.10,520905.80,2047428.20,6527326.70,-1796663.80,1739878.60,-894120.90,-,-,2633999.40,-3536542.40,771464.22,629511.20,141953.05,-
2006,9,September 2006,-,-,4320672.30,1991679.20,2328993.10,524351.90,1804641.20,5718702.30,-1398029.90,2336533.40,-235144.70,-,-,2571678.00,-3734563.30,815950.15,615140.90,200809.25,-
2006,8,August 2006,-,-,4189053.50,1952472.60,2236580.90,504805.60,1731775.30,5500396.00,-1311342.50,2458387.90,-84417.30,-,-,2542805.20,-3769730.40,838151.00,609346.60,228804.40,-
2006,7,July 2006,-,-,4109850.40,1854701.00,2255149.40,511172.60,1743976.90,5719055.40,-1609205.00,2229906.10,-154889.20,-,-,2384795.40,-3839111.10,796129.90,606859.50,189270.40,-
2006,6,June 2006,-,-,3911821.50,1694890.00,2216931.50,514609.10,1702322.40,5568810.00,-1656988.50,2664489.90,360789.40,-,-,2303700.50,-4321478.40,797640.40,602829.00,194811.40,-
2006,5,May 2006,-,-,3684404.50,1605832.30,2078572.20,520662.30,1557909.90,5428060.10,-1743655.60,2359847.20,8761.30,-,-,2351085.90,-4103502.80,852357.60,611224.30,241133.30,-
2006,4,April 2006,-,-,3540703.60,1514629.80,2026073.80,527021.20,1499052.50,4683522.20,-1142818.60,2696782.20,523023.30,-,-,2173758.90,-3839600.80,805514.00,610130.30,195383.70,-
2006,3,March 2006,-,-,3307667.90,1470197.40,1837470.40,479967.20,1357503.20,5108959.90,-1801292.00,2598849.00,471892.30,-,-,2126956.60,-4400141.00,728888.70,563713.00,165175.70,-
2006,2,February 2006,-,-,2227472.80,832887.10,1394585.60,524540.50,870045.10,4405298.00,-2177825.20,1293706.70,179810.70,-,-,1113895.90,-3471531.90,720608.39,561626.40,158981.99,-
2006,1,January 2006,-,-,2967139.50,1246501.30,1720638.20,478452.10,1242186.10,4675564.90,-1708425.40,2399397.60,417689.80,-,-,1981707.70,-4107823.00,705528.26,572747.40,132780.86,-
2005,12,December 2005,-,-,2814846.10,1089450.30,1725395.80,563232.00,1162163.80,4098471.90,-1283625.80,2313387.70,306031.90,-,-,2007355.80,-3597013.50,762788.00,642388.20,120399.80,-
2005,11,November 2005,-,-,2664644.80,1184211.30,1480433.50,465813.90,1014619.60,3595140.30,-930495.50,2369452.10,337886.70,-,-,2031565.40,-3299947.60,701472.50,547297.20,154175.30,-
2005,10,October 2005,-,-,2699799.60,1185284.30,1514515.30,442183.20,1072332.10,3119303.60,-419504.00,2449799.20,512767.90,-,-,1937031.30,-2869303.20,668897.49,520458.20,148439.29,-
2005,9,September 2005,-,-,2772993.10,1215986.00,1557007.10,444632.00,1112375.10,4003941.60,-1230948.50,2589269.20,603058.00,-,-,1986211.20,-3820217.70,808588.00,513373.40,295214.60,-
2005,8,August 2005,-,-,2775685.60,1240921.10,1534764.50,426510.10,1108254.40,3554918.30,-779232.70,2516113.30,575651.00,-,-,1940462.30,-3295346.00,821745.70,507967.50,313778.20,-
2005,7,July 2005,-,-,2803529.60,1288524.30,1515005.30,434636.20,1080369.10,3493901.00,-690371.40,2410180.10,502437.30,-,-,1907742.80,-3100551.50,800375.10,501726.90,298648.20,-
2005,6,June 2005,-,-,2691297.00,1237064.40,1454232.60,415969.10,1038263.50,3397866.60,-706569.70,2182494.20,341727.80,-,-,1840766.40,-2889063.90,747928.80,494944.30,252984.50,-
2005,5,May 2005,-,-,2566100.60,1123385.00,1442715.60,420317.10,1022398.50,3168034.20,-601933.60,2382602.20,593455.70,-,-,1789146.50,-2984535.80,721060.50,495631.20,225429.30,-
2005,4,April 2005,-,-,2503988.40,1099096.20,1404892.20,432528.90,972363.30,3141076.90,-637088.50,2303433.10,580531.40,-,-,1722901.70,-2940521.60,716933.10,505064.00,211869.10,-
2005,3,March 2005,-,-,2568065.30,1098485.40,1469579.90,429062.10,1040517.80,3140484.50,-572419.10,2259983.10,593223.00,-,-,1666760.10,-2832402.20,736688.20,512839.30,223848.90,-
2005,2,February 2005,-,-,2444112.40,1049140.90,1394971.50,421947.00,973024.50,3009891.90,-565779.50,2150906.70,527629.60,-,-,1623277.20,-2716686.20,717582.00,502510.50,215071.50,-
2005,1,January 2005,-,-,2349890.30,976806.20,1373084.10,431542.30,941541.80,2748358.00,-398467.70,2138400.70,530942.30,-,-,1607458.40,-2536868.40,709011.50,522328.00,186683.50,-
2004,12,December 2004,-,-,2263587.90,932930.10,1330657.80,458586.50,872071.30,2644672.70,-381084.80,2020173.30,485725.50,-,-,1534447.80,-2401258.10,732310.30,545803.00,186507.30,-
2004,11,November 2004,-,-,2269179.30,944491.30,1324688.00,407635.90,917052.10,2512937.10,-243757.80,2005597.50,462484.40,-,-,1543113.10,-2249355.30,687397.10,493522.50,193874.60,-
2004,10,October 2004,-,-,2231973.60,941519.70,1290453.90,388910.70,901543.20,2254073.40,-22099.80,1949582.90,425336.50,-,-,1524246.40,-1971682.70,645376.10,459390.60,185985.50,-
2004,9,September 2004,-,-,2156836.10,893923.70,1262912.40,385657.70,877254.70,2010641.80,146194.30,1942371.60,453025.10,-,-,1489346.50,-1796177.30,650498.10,457977.80,192520.30,-
2004,8,August 2004,-,-,2141896.80,898881.80,1243015.00,380340.10,862674.90,2072401.30,69495.50,1889831.40,424358.50,-,-,1465472.90,-1820335.90,657218.60,459707.40,197511.20,-
2004,7,July 2004,-,-,2123061.20,896675.50,1226385.70,371623.90,854761.80,1978979.20,144082.00,1932953.80,470001.00,-,-,1462952.80,-1788871.80,652283.30,457159.40,195123.90,-
2004,6,June 2004,-,-,2113281.40,898446.50,1214834.90,373071.80,841763.10,1829690.00,283591.40,1847585.30,453804.40,-,-,1393780.90,-1563993.90,654508.20,456306.80,198201.40,-
2004,5,May 2004,-,-,2105957.60,918879.00,1187078.60,374784.60,812294.00,1618253.70,487703.90,2004161.10,599207.70,-,-,1404953.40,-1516457.20,633317.40,454376.10,178941.30,-
2004,4,April 2004,-,-,2089655.80,911186.80,1178469.00,385537.60,792931.40,1550726.30,538929.50,1966783.50,598317.80,-,-,1368465.70,-1427854.00,657222.60,461326.20,195896.40,-
2004,3,March 2004,-,-,2106238.60,904698.40,1201540.20,384336.80,817203.40,1570567.60,535671.00,1821092.00,499985.60,-,-,1321106.40,-1285421.00,635003.90,466494.40,168509.50,-
2004,2,February 2004,-,-,2062656.10,874607.40,1188048.70,381953.70,806095.00,1543072.70,519583.40,1905395.10,614633.20,-,-,1290761.90,-1385811.70,631826.80,465705.90,166120.90,-
2004,1,January 2004,-,-,1917503.40,796278.80,1121224.60,405916.80,715307.80,1412645.40,504858.00,1927552.20,666231.60,-,-,1261320.60,-1422694.20,663224.70,480175.00,183049.70,-
2003,12,December 2003,-,-,1985191.80,759632.50,1225559.30,412155.20,813404.10,1388233.80,596958.10,1803938.10,591944.70,-,-,1211993.40,-1206980.00,688652.53,502254.50,186398.03,-
2003,11,November 2003,-,-,2079576.60,765971.20,1313605.40,365642.60,947962.80,1352225.90,727350.70,1804657.80,584765.70,-,-,1219892.10,-1077307.10,670693.50,451111.10,219582.40,-
2003,10,October 2003,-,-,2071969.00,781801.70,1290167.30,367709.50,922457.80,1189307.50,882661.50,1875985.80,696507.40,-,-,1179478.40,-993324.30,671135.90,440692.90,230443.00,-
2003,9,September 2003,-,-,1981068.50,717040.20,1264028.30,362385.60,901642.70,1173900.50,807168.00,1690765.80,625658.70,-,-,1065107.10,-883597.80,642228.80,434581.90,207646.90,-
2003,8,August 2003,-,-,1972619.00,786594.10,1186024.90,369827.20,816197.70,1211302.20,761316.80,1778436.20,658466.20,-,-,1119970.00,-1017119.40,623343.90,439678.30,183665.60,-
2003,7,July 2003,-,-,1952426.10,821271.70,1131154.40,361031.90,770122.50,1191723.90,760702.20,1818431.10,713205.50,-,-,1105225.60,-1057728.90,634751.40,438432.50,196318.90,-
2003,6,June 2003,-,-,2124315.70,804586.90,1319728.80,382510.80,937218.00,1325852.20,798463.50,1671082.50,605045.70,-,-,1066036.80,-872619.00,653899.90,445156.20,208743.70,-
2003,5,May 2003,-,-,1857919.50,793105.30,1064814.20,372657.40,692156.80,1296243.60,561675.90,1498209.20,451614.80,-,-,1046594.40,-936533.30,702352.30,449923.20,252429.10,-
2003,4,April 2003,-,-,1966190.10,808385.80,1157804.30,403131.60,754672.70,1348949.20,617240.90,1428553.60,377021.50,-,-,1051532.10,-811312.70,677601.80,472750.30,204851.50,-
2003,3,March 2003,-,-,1918925.70,797376.20,1121549.50,368347.60,753201.90,1346526.90,572398.80,1454982.10,430656.40,-,-,1024325.70,-882583.30,610848.00,435138.60,175709.40,-
2003,2,February 2003,-,-,1778660.20,702109.10,1076551.10,363692.50,712858.60,1301531.50,477128.60,1572411.80,533881.50,-,-,1038530.30,-1095283.20,583625.70,434747.00,148878.70,-
2003,1,January 2003,-,-,1746192.10,693715.20,1052476.90,366389.20,686087.70,1213685.10,532507.00,1490512.10,460771.20,-,-,1029740.90,-958005.10,597286.90,441311.00,155975.90,-
2002,12,December 2002,-,-,1599494.60,653241.20,946253.40,386942.30,559311.10,1282215.50,317279.10,1329401.30,373639.20,-,-,955762.10,-1012122.20,591558.90,463153.00,128405.90,-
2002,11,November 2002,-,-,1610959.20,682624.00,928335.20,342411.40,585923.80,1403498.30,207460.90,1056147.60,59624.40,-,-,996523.20,-848686.70,567832.50,409275.80,158556.70,-
2002,10,October 2002,-,-,1691612.50,688981.50,1002631.00,319351.60,683279.40,1358783.70,332828.80,1162871.80,185454.70,-,-,977417.10,-830043.00,557069.90,385066.90,172003.00,-
2002,9,September 2002,-,-,1605419.10,671866.30,933552.80,306732.60,626820.20,1191616.30,413802.80,1180183.60,211558.10,-,-,968625.50,-766380.80,628762.90,371962.10,256800.80,-
2002,8,August 2002,-,-,1528379.10,643666.20,884712.90,294485.50,590227.40,971035.80,557343.30,1130873.50,222572.80,-,-,908300.70,-573530.20,575960.00,356527.30,219432.70,-
2002,7,July 2002,-,-,1503378.90,628644.90,874734.00,281151.00,593583.00,1232127.30,271251.60,1121807.10,144361.50,-,-,977445.60,-850555.50,603473.20,355100.50,248372.70,-
2002,6,June 2002,-,-,1502054.90,629960.80,872094.10,290092.20,582001.90,1248916.90,253138.00,1065957.00,126572.80,-,-,939384.20,-812819.00,596245.00,354374.60,241870.40,-
2002,5,May 2002,-,-,1442433.70,587623.60,854810.10,295013.40,559796.70,1272300.50,170133.20,1047547.00,129330.20,-,-,918216.80,-877413.80,584396.70,363246.00,221150.70,-
2002,4,April 2002,-,-,1435397.50,586150.40,849247.10,312645.90,536601.20,1278495.30,156902.20,1018432.10,116973.10,-,-,901459.00,-861529.90,627035.40,377085.70,249949.70,-
2002,3,March 2002,-,-,1423345.50,587422.50,835923.00,316169.50,519753.50,1326157.20,97188.30,1004845.60,111973.20,-,-,892872.40,-907657.30,644166.60,371129.60,273037.00,-
2002,2,February 2002,-,-,1381821.40,570440.00,811381.40,313363.40,498018.00,1206380.50,175440.90,946906.80,71116.90,-,-,875789.90,-771465.90,786959.60,377453.10,409506.50,-
2002,1,January 2002,-,-,1347265.60,543004.40,804261.20,322914.60,481346.60,1263916.30,83349.30,877273.70,23143.10,-,-,854130.60,-793924.40,665940.30,382148.20,283792.10,-
2001,12,December 2001,-,-,1315869.15,499161.50,816707.65,338671.18,478036.47,1347554.78,-31685.63,848992.80,-6006.53,-,-,854999.33,-880678.43,545881.95,403505.98,142375.98,-
2001,11,November 2001,-,-,1324715.10,525359.90,799355.20,306356.00,492999.20,1378716.70,-54001.60,889088.30,45327.90,-,-,843760.30,-943089.90,508603.40,361941.50,146661.90,-
2001,10,October 2001,-,-,1309696.60,543004.40,766692.20,288823.80,477868.40,1287553.40,22143.20,814185.50,-9852.30,-,-,824037.80,-792042.30,484818.30,348057.40,136760.90,-
2001,9,September 2001,-,-,1327624.70,553903.50,773721.20,285239.00,488482.20,1440539.70,-112915.00,805133.50,-27426.20,-,-,832559.70,-918048.50,494790.50,344165.60,150624.90,-
2001,8,August 2001,-,-,1254749.70,539053.30,715696.40,277674.60,438021.80,1389795.10,-135045.40,689305.80,-99606.50,-,-,788912.20,-824351.20,509045.10,342070.60,166974.50,-
2001,7,July 2001,-,-,1271785.00,514401.50,757383.50,286186.70,471196.80,1415320.70,-143535.70,713459.80,-63854.10,-,-,777313.90,-856995.50,481314.50,343924.70,137389.80,-
2001,6,June 2001,-,-,1263161.20,512019.10,751142.10,289771.80,461370.30,1398377.70,-135216.50,688660.20,-69914.30,-,-,758574.60,-823876.70,474523.20,340914.60,133608.60,-
2001,5,May 2001,-,-,1303536.40,510674.00,792862.40,287233.80,505628.60,1381423.90,-77887.60,730211.40,-10989.50,-,-,741201.00,-808099.00,481164.00,336287.70,144876.30,-
2001,4,April 2001,-,-,1289159.10,501768.00,787391.10,286697.40,500693.70,1347152.80,-57993.60,711849.50,1338.84,-,-,710510.60,-769843.10,484951.00,333567.40,151383.60,-
2001,3,March 2001,-,-,1274030.40,515002.50,759027.90,281800.70,477227.20,1263238.00,10792.40,739401.20,25849.20,-,-,713552.10,-728608.80,456952.20,320273.80,136678.40,-
2001,2,February 2001,-,-,1204777.70,466402.40,738375.30,259557.30,478818.10,1211728.70,-6950.90,702854.10,13861.30,-,-,688992.70,-709805.00,488807.10,305285.10,183522.00,-
2001,1,January 2001,-,-,1092754.30,449902.30,642852.00,261904.40,380947.60,1193036.90,-100282.50,600666.30,-44457.70,-,-,645124.00,-700948.80,398021.90,305922.40,92099.50,-
2000,12,December 2000,-,-,1036079.50,398348.40,637731.10,274010.60,363720.60,1275016.90,-238937.40,472011.70,-123989.80,-,-,596001.50,-710949.10,407891.00,310496.30,97394.70,-
2000,11,November 2000,-,-,986750.06,410750.50,575999.56,233403.95,342595.61,1107323.05,-120572.98,547755.92,-45475.44,-,-,593231.36,-668328.90,371557.95,268310.75,103247.20,-
2000,10,October 2000,-,-,984274.45,420481.20,563793.25,213736.75,350056.50,1004610.30,-20335.85,616709.49,28458.94,-,-,588250.55,-637045.34,367723.95,244832.75,122891.20,-
2000,9,September 2000,-,-,962743.77,420428.10,542315.67,204863.28,337452.39,920402.62,42341.16,612390.57,48184.37,-,-,564206.19,-570049.41,354674.28,234241.28,120433.00,-
2000,8,August 2000,-,-,948756.84,423945.50,524811.34,199990.46,324820.89,886488.88,62267.96,616221.33,49480.21,-,-,566741.12,-553953.37,327946.66,227885.56,100061.10,-
2000,7,July 2000,-,-,942642.43,404942.40,537700.03,188981.85,348718.18,927468.66,15173.78,547771.79,1515.66,-,-,546256.13,-532598.01,319854.75,213697.55,106157.20,-
2000,6,June 2000,-,-,904153.97,399043.80,505110.17,179729.86,325380.30,888657.30,15496.66,495913.93,-26413.88,-,-,522327.80,-480417.27,300132.06,203993.26,96138.80,-
2000,5,May 2000,-,-,808090.48,339374.70,468715.78,176284.96,292430.82,826484.19,-18393.72,479925.69,-24237.56,-,-,504163.25,-498319.41,324120.56,200854.16,123266.40,-
2000,4,April 2000,-,-,801187.83,332091.10,469096.73,178487.24,290609.48,811095.95,-9908.13,467656.99,-31939.64,-,-,499596.63,-477565.12,294849.14,201024.54,93824.60,-
2000,3,March 2000,-,-,795529.02,321085.80,474443.22,175892.04,298551.18,774824.29,20704.77,498532.39,20342.75,-,-,478189.64,-477827.62,286456.04,197821.04,88635.00,-
2000,2,February 2000,-,-,722772.36,308923.20,413849.16,167504.65,246344.52,797364.69,-74592.33,430562.99,-34080.22,-,-,464643.20,-505155.32,291784.65,193939.35,97845.30,-
2000,1,January 2000,-,-,648506.59,251514.70,396991.89,169746.50,227245.38,710751.70,-62245.15,473328.86,32456.58,-,-,440872.28,-535574.01,309408.70,199339.80,110068.90,-
1999,12,December 1999,-,-,699733.70,306654.90,393078.80,186456.00,206622.80,666271.20,33462.60,632010.10,176804.90,-,-,455205.20,-598547.50,283421.79,208561.10,74860.70,-
1999,11,November 1999,-,-,708324.79,316370.40,391954.39,162063.03,229891.36,630080.43,78244.36,607238.93,143517.41,-,-,463721.52,-528994.57,255997.33,180277.23,75720.10,-
1999,10,October 1999,-,-,624099.20,259360.20,364739.00,153219.38,211519.62,651688.96,-27589.77,531570.32,73666.42,-,-,457903.90,-559160.09,252365.98,170045.38,82320.60,-
1999,9,September 1999,-,-,655615.40,301678.60,353936.80,149881.30,204055.50,623997.05,31618.40,532292.07,91308.82,-,-,440983.25,-500673.67,231158.30,165872.30,65286.00,-
1999,8,August 1999,-,-,629917.00,290035.50,339881.50,143211.51,196669.99,590640.09,39276.91,558026.40,109774.54,-,-,448251.86,-518749.49,236709.11,162163.51,74545.60,-
1999,7,July 1999,-,-,621341.13,276362.20,344978.93,145270.80,199708.13,594271.58,27069.55,547764.57,112297.40,-,-,435467.17,-520695.02,239734.40,166066.30,73668.10,-
1999,6,June 1999,-,-,634937.44,269993.60,364943.84,146958.47,217985.38,608426.92,26510.52,570168.09,142759.78,-,-,427408.32,-543657.57,243082.17,169906.17,73176.00,-
1999,5,May 1999,-,-,686392.93,260934.10,425458.83,151823.81,273635.02,601553.92,84838.97,589907.65,154171.78,-,-,435735.87,-505068.68,266663.21,166494.11,100169.10,-
1999,4,April 1999,-,-,589002.28,227335.90,361666.38,142538.10,219128.28,593676.33,-4674.05,441986.83,29115.22,-,-,412871.61,-446660.88,222553.00,163336.60,59216.40,-
1999,3,March 1999,-,-,609030.07,241462.00,367568.07,150271.94,217296.13,634905.32,-25875.15,368122.90,-33229.39,-,-,401352.29,-393998.05,235075.34,170916.74,64158.60,-
1999,2,February 1999,-,-,553018.13,226501.20,326516.93,144666.78,181850.15,655483.88,-102465.75,297281.33,-106877.98,-,-,404159.31,-399747.08,207905.98,167605.98,40300.00,-
1999,1,January 1999,-,-,536013.84,215971.00,320042.84,147460.99,172581.85,664041.41,-128027.57,275652.47,-115307.50,-,-,390959.96,-403680.04,211828.49,171032.59,40795.90,-
1998,12,December 1998,-,-,525637.73,207061.80,318575.93,156716.06,161859.87,247041.61,278596.11,512490.41,139916.24,-,-,372574.17,-233894.30,216861.96,172377.76,44484.20,-
1998,11,November 1998,-,-,522233.04,222539.20,299693.84,140145.27,159548.56,274330.28,247902.76,453892.78,77480.17,-,-,376412.61,-205990.02,194434.47,154219.77,40214.70,-
1998,10,October 1998,-,-,521756.30,227011.30,294745.00,131967.40,162777.61,286595.59,235160.71,442700.43,70725.38,-,-,371975.05,-207539.72,196294.90,147404.90,48890.00,-
1998,9,September 1998,-,-,527028.76,224625.50,302403.26,129128.82,173274.44,285075.35,241953.41,392052.39,34228.13,-,-,357824.27,-150098.98,195263.12,143914.02,51349.10,-
1998,8,August 1998,-,-,500806.80,206279.20,294527.60,128911.85,165615.75,268146.73,232660.07,375587.73,7968.36,-,-,367619.37,-142927.66,180856.35,142496.95,38359.40,-
1998,7,July 1998,-,-,496124.98,208600.00,287524.98,127200.61,160324.37,271473.34,224651.63,371591.56,12160.57,-,-,359430.99,-146939.93,189210.11,140578.21,48631.90,-
1998,6,June 1998,-,-,477287.77,199969.10,277318.67,124825.23,152493.44,275325.79,201961.99,401008.15,47150.21,-,-,353857.94,-199046.16,188258.73,141687.73,46571.00,-
1998,5,May 1998,-,-,472241.28,198167.70,274073.58,126464.13,147609.45,264731.29,207509.99,390880.20,44036.51,-,-,346843.69,-183370.21,183014.53,141171.33,41843.20,-
1998,4,April 1998,-,-,471368.11,191915.80,279452.31,127782.96,151669.34,258793.21,212574.90,380142.05,42921.42,-,-,337220.63,-167567.15,191470.26,141439.26,50031.00,-
1998,3,March 1998,-,-,468043.32,195059.30,272984.02,125306.46,147677.56,254473.38,213569.94,362724.95,34801.01,-,-,327923.94,-149155.01,180292.26,137690.66,42601.60,-
1998,2,February 1998,-,-,439409.63,179737.90,259671.73,121835.58,137836.15,249688.08,189721.54,364436.08,36183.48,-,-,328252.60,-174714.54,180256.38,135081.68,45174.70,-
1998,1,January 1998,-,-,435811.72,167172.00,268639.72,125199.05,143440.68,243141.83,192669.89,403597.85,80058.79,-,-,323539.05,-210927.96,186664.25,139630.45,47033.80,-
1997,12,December 1997,-,-,429731.33,161108.40,268622.93,130668.00,137954.93,234015.68,195715.64,365870.61,46358.41,-,-,319512.21,-170154.97,334949.50,144825.10,190124.40,-
1997,11,November 1997,-,-,434393.22,178250.90,256142.32,121745.26,134397.06,226403.98,207989.25,401080.61,41005.49,-,-,360075.12,-193091.36,311160.66,131823.96,179336.70,-
1997,10,October 1997,-,-,429548.03,184585.40,244962.63,115770.82,129191.81,225113.33,204434.71,389718.85,38214.15,-,-,351504.70,-185284.14,295801.92,125338.72,170463.20,-
1997,9,September 1997,-,-,425473.68,181208.10,244265.58,113088.06,131177.52,237368.73,188104.95,378292.71,38823.87,-,-,339468.84,-190187.76,286874.36,122909.26,163965.10,-
1997,8,August 1997,-,-,408260.31,163286.20,244974.11,112061.07,132913.04,230450.78,177809.53,374108.05,42151.31,-,-,331956.74,-196298.52,286136.17,121499.07,164637.10,-
1997,7,July 1997,-,-,405113.00,167638.30,237474.70,110686.79,126787.91,223103.39,182009.61,387045.99,59944.78,-,-,327101.21,-205036.38,281349.19,119349.29,161999.90,-
1997,6,June 1997,-,-,410565.51,167505.20,243060.31,109190.43,133869.89,226031.54,184533.98,397003.88,75624.96,-,-,321378.92,-212469.90,277581.13,118658.63,158922.50,-
1997,5,May 1997,-,-,410598.69,167147.20,243451.49,109857.46,133594.04,216171.98,194426.61,414922.08,99388.32,-,-,315533.76,-220495.47,276389.06,118921.06,157468.00,-
1997,4,April 1997,-,-,409251.33,163476.50,245774.83,110383.98,135390.85,214429.33,194822.00,386703.33,86875.55,-,-,299827.78,-191881.33,291556.68,120478.48,171078.20,-
1997,3,March 1997,-,-,409906.61,167479.50,242427.11,112343.53,130083.59,204916.10,204990.50,352372.89,67468.21,-,-,284904.68,-147382.39,279749.03,119333.83,160415.20,-
1997,2,February 1997,-,-,391543.46,158564.90,232978.56,108513.34,124465.22,182890.81,208652.65,372793.62,92136.78,-,-,280656.84,-164140.97,274372.84,117180.34,157192.50,-
1997,1,January 1997,-,-,394976.36,161602.00,233374.36,111290.02,122084.35,158240.57,236735.80,359191.43,96627.25,-,-,262564.18,-122455.63,280928.72,119896.72,161032.00,-
1996,12,December 1996,-,-,370333.53,142869.10,227464.43,116120.98,111343.45,237978.48,132355.05,371079.06,110465.55,-,-,260613.51,-238724.01,178513.68,126040.28,52473.40,-
1996,11,November 1996,-,-,363404.27,148957.90,214446.37,108240.38,106205.99,150715.14,212689.14,423070.59,158734.44,-,-,264336.15,-210381.45,166917.38,115813.18,51104.20,-
1996,10,October 1996,-,-,354051.79,144445.80,209605.99,103834.15,105771.83,131691.68,222360.11,436168.32,177448.51,-,-,258719.81,-213808.21,164856.45,111485.95,53370.50,-
1996,9,September 1996,-,-,351911.29,142604.70,209306.59,103553.87,105752.72,131925.55,219985.74,431397.81,179417.38,-,-,251980.43,-211412.07,166489.07,110769.07,55720.00,-
1996,8,August 1996,-,-,352013.54,141707.00,210306.54,104530.81,105775.73,124373.49,227640.06,438426.24,193604.36,-,-,244821.88,-210786.18,165511.51,111987.31,53524.20,-
1996,7,July 1996,-,-,344504.87,138629.10,205875.77,102006.06,103869.71,121212.48,223292.38,443929.81,208923.58,-,-,235006.23,-220637.43,171828.66,109724.96,62103.70,-
1996,6,June 1996,-,-,354011.50,140761.30,213250.20,101502.12,111748.08,122222.28,231789.12,451252.74,216415.04,-,-,234837.70,-219463.62,170765.82,108282.42,62483.40,-
1996,5,May 1996,-,-,338115.31,130208.60,207906.71,102819.78,105086.94,137261.62,200853.79,412929.87,184747.04,-,-,228182.83,-212076.08,171043.68,108807.08,62236.60,-
1996,4,April 1996,-,-,343710.15,130816.00,212894.15,103580.82,109313.33,125166.45,218543.61,435322.24,206802.80,-,-,228519.44,-216778.63,166449.52,110370.02,56079.50,-
1996,3,March 1996,-,-,328714.66,125400.70,203313.96,101105.80,102208.16,119129.05,209585.61,398212.39,180252.06,-,-,217960.33,-188626.78,166030.40,106943.50,59086.90,-
1996,2,February 1996,-,-,325116.75,122362.20,202754.55,99494.27,103260.29,112015.38,213101.37,320390.05,100761.03,-,-,219629.02,-107288.68,173421.27,107522.47,65898.80,-
1996,1,January 1996,-,-,324359.90,122163.90,202196.00,100396.38,101799.63,107719.14,216640.76,408136.43,189584.97,-,-,218551.45,-191495.67,158178.48,107489.88,50688.60,-
1995,12,December 1995,-,-,318763.47,117349.00,201414.47,106843.44,94571.02,108663.01,210100.45,474361.37,263002.77,-,-,211358.60,-264260.92,167693.34,113940.84,53752.50,-
1995,11,November 1995,-,-,305461.04,116154.90,189306.14,97369.68,91936.46,108889.36,196571.79,353365.86,147517.26,-,-,205848.60,-156794.07,154159.58,103582.58,50577.00,-
1995,10,October 1995,-,-,300501.99,120601.20,179900.79,90682.34,89218.45,125663.38,174838.61,335578.26,134557.19,-,-,201021.06,-160739.65,148508.74,97707.14,50801.60,-
1995,9,September 1995,-,-,301913.37,120947.80,180965.57,89467.85,91497.73,110984.24,190929.14,360793.98,167317.32,-,-,193476.65,-169864.84,176622.05,95292.85,81329.20,-
1995,8,August 1995,-,-,303190.38,118367.80,184822.58,88459.19,96363.39,124919.44,178271.04,342827.45,153430.32,-,-,189397.13,-164556.41,146553.19,95052.89,51500.30,-
1995,7,July 1995,-,-,283823.55,116615.50,167208.05,86888.92,80319.14,124553.44,159270.12,336354.18,145843.31,-,-,190510.87,-177084.06,146112.32,93870.92,52241.40,-
1995,6,June 1995,-,-,290668.70,113569.50,177099.20,87449.39,89649.82,121273.41,169395.22,355359.74,175104.63,-,-,180255.12,-185964.52,153008.19,93622.69,59385.50,-
1995,5,May 1995,-,-,267762.84,109613.20,158149.64,86415.44,71734.20,99734.72,168028.13,363195.42,187648.79,-,-,175546.63,-195167.29,144202.94,93593.94,50609.00,-
1995,4,April 1995,-,-,277871.39,108940.10,168931.29,86916.07,82015.23,99444.93,178426.47,375525.48,210448.84,-,-,165076.64,-197099.01,158028.87,92911.67,65117.20,-
1995,3,March 1995,-,-,254523.06,96369.40,158153.66,86364.43,71789.23,105297.76,149225.29,330855.85,183781.44,-,-,147074.42,-181630.56,140885.53,91116.53,49769.00,-
1995,2,February 1995,-,-,289428.15,114792.00,174636.15,86757.39,87878.76,84111.98,205316.07,379321.12,227096.91,-,-,152224.21,-174005.05,173599.79,92529.29,81070.50,-
1995,1,January 1995,-,-,275184.87,101969.50,173215.37,85052.30,88163.07,64436.54,210748.33,379294.80,231027.60,-,-,148267.19,-168546.47,141727.50,91304.30,50423.20,-
1994,12,December 1994,-,-,266944.89,97553.40,169391.49,90601.00,78790.49,56220.28,210724.60,439113.79,288113.54,-,-,151000.26,-228389.19,151736.84,96166.50,55570.34,-
1994,11,November 1994,-,-,257854.77,97603.30,160251.47,79358.69,80892.78,35011.69,222843.08,365523.23,213007.95,-,-,152515.28,-142680.15,123402.99,84100.69,39302.30,-
1994,10,October 1994,-,-,251070.65,98341.00,152729.65,71293.75,81435.90,33932.49,217138.36,350791.46,201061.53,-,-,149729.93,-133653.10,116551.95,75934.35,40617.60,-
1994,9,September 1994,-,-,242799.24,100022.30,142776.94,68182.89,74594.05,34978.21,207821.03,346953.23,201975.98,-,-,144977.25,-139132.20,126961.99,72200.69,54761.30,-
1994,8,August 1994,-,-,233050.69,97187.30,135863.39,64993.52,70869.88,34666.53,198384.16,361480.23,213501.80,-,-,147978.43,-163096.07,135845.82,69640.82,66205.00,-
1994,7,July 1994,-,-,224554.66,95534.50,129020.16,58657.04,70363.13,50759.51,173795.25,336021.34,186156.16,-,-,149865.18,-162226.09,112946.34,62574.64,50371.70,-
1994,6,June 1994,-,-,228264.76,96713.60,131551.16,55790.83,75760.33,52324.04,175940.72,344220.79,200380.57,-,-,143840.21,-168280.07,118573.93,59815.73,58758.20,-
1994,5,May 1994,-,-,219594.19,89980.90,129613.29,54739.08,74874.21,51840.44,167753.75,345425.05,200507.53,-,-,144917.52,-177671.30,116648.28,59084.28,57564.00,-
1994,4,April 1994,-,-,211444.16,89006.80,122437.36,54132.82,68304.54,52121.31,159323.05,351377.97,207459.63,-,-,143918.34,-192054.92,137007.22,57812.22,79195.00,-
1994,3,March 1994,-,-,208201.79,89616.30,118585.49,54731.91,63853.58,55002.14,153199.56,333968.05,196487.72,-,-,137480.33,-180768.49,139615.41,57910.71,81704.70,-
1994,2,February 1994,-,-,211710.87,89129.80,122581.07,53708.64,68872.44,55171.18,156539.69,334930.71,206718.18,-,-,128212.54,-178391.02,130608.24,57835.14,72773.10,-
1994,1,January 1994,-,-,208020.46,86313.50,121706.96,54675.83,67031.13,55241.50,152779.06,300056.73,173401.50,-,-,126655.23,-147277.67,102393.43,58864.73,43528.70,-
1993,12,December 1993,-,-,198479.20,79725.80,118753.40,57845.07,60908.33,63559.13,134919.97,280657.57,185167.91,-,-,95489.66,-145737.60,107059.27,62570.97,44488.30,-
1993,11,November 1993,-,-,191591.22,85276.90,106314.32,53064.04,53250.28,62183.54,129407.68,244774.54,85835.15,-,-,158939.39,-115366.86,100915.74,56744.24,44171.50,-
1993,10,October 1993,-,-,186764.61,83624.80,103139.81,50907.25,52232.55,64241.62,122522.98,240850.52,85225.16,-,-,155625.36,-118327.54,99190.65,54976.45,44214.20,-
1993,9,September 1993,-,-,176119.28,75235.80,100883.48,51650.51,49232.96,61685.12,114434.15,242332.63,87338.20,-,-,154994.44,-127898.48,100507.61,55361.21,45146.40,-
1993,8,August 1993,-,-,175633.63,71986.40,103647.23,53101.13,50546.10,63771.56,111861.97,231515.61,84563.83,-,-,146951.78,-119653.64,99819.33,56390.23,43429.10,-
1993,7,July 1993,-,-,166936.84,70886.20,96050.64,47301.14,48749.50,65430.84,101506.00,220585.03,72739.94,-,-,147845.09,-119079.03,92635.94,50241.24,42394.70,-
1993,6,June 1993,-,-,159451.38,68022.20,91429.18,44616.46,46812.72,64137.99,95313.39,205474.23,71209.25,-,-,134264.98,-110160.84,93221.16,47850.76,45370.40,-
1993,5,May 1993,-,-,153006.36,64417.20,88589.16,43747.12,44842.04,59172.40,93833.86,204013.71,75546.66,-,-,128467.05,-110179.85,92761.42,46643.12,46118.30,-
1993,4,April 1993,-,-,159111.03,63971.50,95139.53,41580.31,53559.22,63651.66,95459.37,203696.81,84521.29,-,-,119175.52,-108237.44,94448.21,44622.21,49826.00,-
1993,3,March 1993,-,-,146571.85,64146.10,82425.75,39172.47,43253.28,46418.28,100153.57,183437.12,83980.27,-,-,99456.86,-83283.55,91160.77,42858.67,48302.10,-
1993,2,February 1993,-,-,137959.78,61390.60,76569.18,35812.47,40756.70,45742.38,92217.50,180516.73,78001.97,-,-,102514.75,-88299.23,76239.97,38580.37,37659.60,-
1993,1,January 1993,-,-,132439.82,58219.30,74220.52,35940.76,38279.76,39614.95,92824.89,171986.77,90299.12,-,-,81687.64,-79161.88,77642.96,38709.66,38933.30,-
1992,1992, 1992,-,-,129085.47,53115.20,75970.27,36755.53,39214.74,35778.25,93307.19,171071.02,91112.10,-,-,79958.92,-77763.84,71865.93,39725.03,32140.90,-
1991,1991, 1991,-,-,87499.80,37428.10,50071.70,23120.60,26951.10,56045.30,31454.50,81705.00,39626.00,-,-,42079.00,-50250.50,29871.70,25331.20,4540.50,-
1990,1990, 1990,-,-,68662.50,29506.30,39156.20,14951.10,24205.10,43909.90,24752.60,58209.30,22772.70,-,-,35436.60,-33456.70,18341.00,16212.50,2128.50,-
1989,1989, 1989,-,-,47055.00,20786.20,26268.80,9760.60,16508.20,22524.30,24530.70,37004.20,7360.30,-,-,29643.90,-12473.50,11840.40,10722.40,1118.00,-
1988,1988, 1988,-,-,45446.90,23214.80,22232.10,9413.60,12818.50,9492.40,35954.50,54813.10,29340.60,-,-,25472.50,-18858.60,11740.60,10210.50,1530.10,-
1987,1987, 1987,-,-,33667.40,18471.70,15195.70,6298.60,8897.10,3700.50,29966.90,44140.00,22247.50,-,-,21892.50,-14173.10,8491.80,6854.90,1636.90,-
1986,1986, 1986,-,-,27389.80,13829.40,13560.40,5177.90,8382.50,5367.80,22022.00,37850.50,19550.60,-,-,18299.90,-15828.50,6666.40,5696.30,970.10,-
1985,1985, 1985,-,-,26277.60,12399.60,13878.00,4909.90,8968.10,1418.40,24859.20,34462.60,20323.60,-,-,14139.00,-9603.40,5715.10,5375.00,340.10,-
1984,1984, 1984,-,-,23370.00,10872.90,12497.10,4883.50,7613.60,1110.70,22259.30,32020.60,19125.30,-,-,12895.30,-9761.30,5915.60,5347.20,568.40,-
1983,1983, 1983,-,-,20879.10,9361.30,11517.80,4842.80,6675.00,501.40,20377.70,28687.90,16450.10,-,-,12237.80,-8310.20,6109.50,5299.30,810.20,-
1982,1982, 1982,-,-,18093.60,7801.80,10291.80,4222.50,6069.30,888.10,17205.50,22272.00,10660.60,-,-,11611.40,-5066.50,5784.50,4728.90,1055.60,-
1981,1981, 1981,-,-,16161.70,6246.40,9915.30,3861.90,6053.40,2585.00,13576.70,16203.40,6532.90,-,-,9670.50,-2626.70,5026.10,4347.70,678.40,-
1980,1980, 1980,-,-,15100.00,5449.30,9650.70,3185.90,6464.80,5622.00,9478.00,11025.60,3567.80,-,-,7457.80,-1547.60,4797.50,3589.50,1208.00,-
1979,1979, 1979,-,-,10224.60,3873.10,6351.50,2350.80,4000.70,3232.20,6992.40,8765.20,3365.60,-,-,5399.60,-1772.80,3083.40,2703.40,380.00,-
1978,1978, 1978,-,-,7985.40,2724.70,5260.70,2157.20,3103.50,1192.90,6792.50,7017.40,2504.40,-,-,4513.00,-224.90,2898.60,2381.70,516.90,-
1977,1977, 1977,-,-,7898.80,2341.00,5557.80,1940.80,3617.00,2722.30,5176.50,5162.20,1353.80,-,-,3808.40,14.30,2792.60,2162.60,630.00,-
1976,1976, 1976,-,-,5905.10,2041.00,3864.10,1351.20,2512.90,3170.20,2734.90,3309.90,845.50,-,-,2464.40,-575.00,2445.20,1540.00,905.20,-
1975,1975, 1975,-,-,4241.20,1635.80,2605.40,1030.70,1574.70,3533.20,708.00,1217.90,-453.90,-,-,1671.80,-509.90,1859.40,1155.50,703.90,-
1974,1974, 1974,-,-,2352.30,995.10,1357.20,569.90,787.30,3492.50,-1140.20,-310.30,-1277.00,-,-,966.70,-829.90,744.10,638.70,105.40,-
1973,1973, 1973,-,-,1522.50,596.70,925.80,435.90,489.90,403.00,1119.50,1316.90,563.30,-,-,753.60,-197.40,501.70,486.30,15.40,-
1972,1972, 1972,-,-,1214.90,467.50,747.40,385.20,362.20,229.50,985.40,1235.00,606.30,-,-,628.70,-249.60,428.90,414.00,14.90,-
1971,1971, 1971,-,-,1041.80,371.80,670.00,354.40,315.60,267.50,774.30,1099.20,597.20,-,-,502.00,-324.90,392.80,386.40,6.40,-
1970,1970, 1970,-,-,978.20,336.70,641.50,342.40,299.10,128.15,850.00,1120.30,768.60,-,-,351.70,-270.30,388.90,370.40,18.50,-
1969,1969, 1969,-,-,660.40,215.41,444.99,252.71,192.28,87.80,572.59,761.94,512.19,-,-,249.74,-189.34,277.91,273.23,4.68,-
1968,1968, 1968,-,-,515.31,183.55,331.76,183.10,148.67,64.16,451.16,574.25,351.41,-,-,222.84,-123.09,205.67,202.16,3.51,-
1967,1967, 1967,-,-,451.34,131.24,320.09,207.42,112.67,46.72,404.61,432.86,191.35,-,-,241.51,-28.25,226.73,220.95,5.78,-
1966,1966, 1966,-,-,518.14,162.52,355.62,217.17,138.45,126.49,391.65,381.74,136.18,-,-,245.56,9.91,239.87,236.51,3.36,-
1965,1965, 1965,-,-,467.37,141.02,326.36,200.94,125.41,154.60,312.78,313.09,80.48,-,-,232.61,-0.31,220.48,217.89,2.60,-
1964,1964, 1964,-,-,430.49,114.43,316.06,197.89,118.17,124.89,305.59,306.08,83.13,-,-,222.96,-0.49,217.02,214.71,2.31,-
1963,1963, 1963,-,-,361.82,94.27,267.55,168.98,98.57,133.45,228.37,237.57,67.07,-,-,170.50,-9.20,185.46,183.30,2.16,-
1962,1962, 1962,-,-,325.43,83.29,242.14,149.96,92.18,156.34,169.09,187.00,38.22,-,-,148.78,-17.91,177.51,174.66,2.85,-
1961,1961, 1961,-,-,292.83,70.51,222.32,138.20,84.12,163.63,129.20,143.77,26.64,-,-,117.13,-14.56,166.96,160.19,6.76,-
1960,1960, 1960,-,-,272.40,54.79,217.61,135.32,82.28,150.28,122.12,117.63,8.30,-,-,109.33,4.49,157.05,154.15,2.90,-
